country,Code,year,Incidence - HIV/AIDS - Sex: Both - Age: All Ages (Number),Pop,Infected_percent_pop
Botswana,BWA,1994,34764,1434061,2.424164662
Eswatini,SWZ,1999,23934,994105,2.407592759
Eswatini,SWZ,1998,23456,979922,2.393659904
Eswatini,SWZ,2000,23784,1005432,2.365550331
Botswana,BWA,1995,34747,1469173,2.365072051
Botswana,BWA,1993,33045,1399110,2.36185861
Eswatini,SWZ,1997,22219,963416,2.30627268
Botswana,BWA,1996,33594,1504724,2.232568896
Zimbabwe,ZWE,1994,247478,11261752,2.197508878
Zimbabwe,ZWE,1993,238836,11092775,2.153077116
Botswana,BWA,1992,29343,1363541,2.151970494
Eswatini,SWZ,1996,20157,945506,2.131874361
Zimbabwe,ZWE,1995,242134,11410721,2.121986858
Botswana,BWA,1997,31888,1540424,2.070079407
Lesotho,LSO,1997,39395,1968054,2.00172353
Lesotho,LSO,1998,39555,1997524,1.980201489
Zimbabwe,ZWE,1992,215082,10900511,1.973136856
Zimbabwe,ZWE,1996,226948,11541215,1.966413415
Lesotho,LSO,1996,37911,1934294,1.959939906
Lesotho,LSO,1999,38813,2019732,1.921690601
Botswana,BWA,1998,30013,1575827,1.904587242
Eswatini,SWZ,1995,17274,926836,1.863760147
Lesotho,LSO,2000,37531,2032805,1.846266612
Lesotho,LSO,1995,34797,1898598,1.832773447
Botswana,BWA,1991,24022,1326321,1.811175424
Zimbabwe,ZWE,1997,206866,11653254,1.775177989
Botswana,BWA,1999,28098,1610260,1.7449356
Zimbabwe,ZWE,1991,179390,10681008,1.679523131
Lesotho,LSO,1994,30093,1861323,1.616753245
Botswana,BWA,2000,26228,1643333,1.596024665
Zimbabwe,ZWE,1998,186117,11747079,1.584368335
South Africa,ZAF,1998,660547,43682259,1.512163096
South Africa,ZAF,1999,668406,44338551,1.507505286
Eswatini,SWZ,1994,13615,907622,1.500073819
South Africa,ZAF,2000,659974,44967713,1.46766192
South Africa,ZAF,1997,625639,42987456,1.455398989
Zimbabwe,ZWE,1999,167379,11822722,1.415739962
Botswana,BWA,1990,18016,1286756,1.400110044
Zambia,ZMB,1992,115616,8451346,1.368018775
Namibia,NAM,1997,23199,1698029,1.366231083
Zambia,ZMB,1991,111883,8246662,1.356706507
Namibia,NAM,1998,23249,1731635,1.342603955
Malawi,MWI,1993,129565,9710335,1.334300001
Lesotho,LSO,1993,24309,1822237,1.334019669
Namibia,NAM,1996,22120,1663378,1.329824009
Zambia,ZMB,1993,114620,8656484,1.32409417
Zimbabwe,ZWE,1990,138045,10432409,1.323232247
Malawi,MWI,1992,128109,9685974,1.322623827
South Africa,ZAF,1996,558611,42241007,1.322437697
Malawi,MWI,1994,126021,9745695,1.293094028
Central African Republic,CAF,1990,36161,2806740,1.288363012
Namibia,NAM,1999,22580,1763861,1.280146225
Zimbabwe,ZWE,2000,151677,11881482,1.276583174
Zambia,ZMB,1990,102164,8036849,1.271194718
Malawi,MWI,1991,121814,9600361,1.268848119
Zambia,ZMB,1994,111131,8869745,1.252922153
Namibia,NAM,1995,19907,1627866,1.222889353
Malawi,MWI,1995,119892,9844418,1.217867831
Namibia,NAM,2000,21527,1794583,1.199554437
Zambia,ZMB,1995,106808,9096608,1.174151948
Kenya,KEN,1992,294271,25326080,1.161928731
Malawi,MWI,1990,109255,9404499,1.16173121
Kenya,KEN,1991,282205,24521714,1.150837172
Malawi,MWI,1996,114590,10022783,1.14329523
Central African Republic,CAF,1991,32837,2878507,1.140764987
South Africa,ZAF,1995,465197,41435761,1.122694476
Kenya,KEN,1993,287546,26136217,1.100182173
Zambia,ZMB,1996,102489,9339740,1.097343181
Malawi,MWI,1997,109939,10264906,1.071018088
Eswatini,SWZ,1993,9471,887706,1.066907287
Namibia,NAM,1994,16740,1591826,1.051622476
Kenya,KEN,1990,248114,23724574,1.045810138
Zambia,ZMB,1997,98570,9597610,1.02702652
Lesotho,LSO,1992,18282,1782284,1.025762449
Kenya,KEN,1994,269843,26950508,1.001253854
Malawi,MWI,1998,105356,10552345,0.998413149
Zambia,ZMB,1998,95139,9866474,0.964265451
Malawi,MWI,1999,101039,10854325,0.930863964
Cote d'Ivoire,CIV,1992,118830,12812428,0.92745887
Zambia,ZMB,1999,92234,10140564,0.909554932
Cote d'Ivoire,CIV,1991,111565,12362404,0.902453924
Central African Republic,CAF,1992,26515,2959236,0.896008294
Kenya,KEN,1995,248612,27768297,0.895308776
Cote d'Ivoire,CIV,1993,118782,13271638,0.895006329
South Africa,ZAF,1994,358657,40564061,0.884174294
Tanzania,TZA,1990,220792,25203848,0.876024963
Malawi,MWI,2000,96972,11148751,0.869801469
Zambia,ZMB,2000,89782,10415942,0.861967165
Tanzania,TZA,1991,221659,26056605,0.850682581
Namibia,NAM,1993,13080,1555098,0.841104548
Cote d'Ivoire,CIV,1994,112940,13735438,0.822252629
Cote d'Ivoire,CIV,1990,97277,11924873,0.81574873
Tanzania,TZA,1992,215782,26961204,0.800342596
Kenya,KEN,1996,228340,28589456,0.798686061
Mozambique,MOZ,2000,138568,17711925,0.782342969
Uganda,UGA,1990,134764,17354395,0.776541043
Mozambique,MOZ,1999,132571,17244176,0.768787097
Mozambique,MOZ,1998,124953,16813946,0.743150953
Tanzania,TZA,1993,206990,27887204,0.742240061
Lesotho,LSO,1991,12832,1742534,0.736398831
Uganda,UGA,1991,131573,17953534,0.73285293
Cote d'Ivoire,CIV,1995,103919,14199759,0.731836364
Central African Republic,CAF,1993,21884,3046148,0.71841552
Kenya,KEN,1997,210730,29415660,0.716387122
Burundi,BDI,1990,38694,5438959,0.711422903
Burundi,BDI,1991,39230,5564923,0.704951353
Mozambique,MOZ,1997,115522,16397175,0.704523798
Uganda,UGA,1992,129421,18561668,0.69724876
Tanzania,TZA,1994,197525,28792649,0.686025798
Uganda,UGA,1993,127716,19175986,0.666020511
Burundi,BDI,1992,37169,5685569,0.653742836
Mozambique,MOZ,1996,104271,15960445,0.653308852
Kenya,KEN,1998,195999,30250488,0.647920126
South Africa,ZAF,1993,255652,39633754,0.645036047
Eswatini,SWZ,1992,5578,866995,0.643371646
Cote d'Ivoire,CIV,1996,94098,14665125,0.641644718
Uganda,UGA,1994,126226,19793541,0.63771308
Tanzania,TZA,1995,188459,29649128,0.635630835
Namibia,NAM,1992,9497,1516951,0.626058455
Uganda,UGA,1995,124878,20413157,0.611752508
Central African Republic,CAF,1994,19148,3135017,0.610778187
Tanzania,TZA,1996,180094,30444523,0.591548109
Kenya,KEN,1999,183776,31098763,0.590943119
Mozambique,MOZ,1995,91238,15483277,0.589268021
Uganda,UGA,1996,123637,21032817,0.58782901
Burundi,BDI,1993,33067,5798054,0.570312039
Congo,COG,1990,13356,2356740,0.566715039
Uganda,UGA,1997,122454,21655392,0.565466559
Cote d'Ivoire,CIV,1997,84919,15130674,0.561237391
Tanzania,TZA,1997,172697,31192853,0.553642849
Central African Republic,CAF,1995,17609,3222662,0.546411631
Uganda,UGA,1998,121332,22290787,0.544314564
Kenya,KEN,2000,173448,31964557,0.542626009
Uganda,UGA,1999,120330,22952406,0.524258764
Tanzania,TZA,1998,166420,31924201,0.521297307
Congo,COG,1991,12324,2422312,0.508770134
Central African Republic,CAF,1996,16757,3308235,0.506523871
Mozambique,MOZ,1994,75698,14948050,0.50640719
Uganda,UGA,2000,119446,23650159,0.505053687
Lesotho,LSO,1990,8456,1703757,0.496314909
Cote d'Ivoire,CIV,1998,77078,15589407,0.494425478
Tanzania,TZA,1999,160912,32682240,0.492353033
Burundi,BDI,1994,28946,5898964,0.490696332
Central African Republic,CAF,1997,16226,3392432,0.478299933
Tanzania,TZA,2000,155644,33499177,0.46462037
Togo,TGO,1996,20165,4348808,0.46369028
Ethiopia,ETH,1993,246978,53295556,0.463411996
Cameroon,CMR,1997,65495,14344444,0.45658793
Ethiopia,ETH,1992,234357,51423591,0.455738301
Central African Republic,CAF,1998,15833,3475485,0.455562317
Togo,TGO,1995,19136,4226293,0.452784509
Cameroon,CMR,1998,66642,14723772,0.452614996
Rwanda,RWA,1994,26539,5936253,0.447066525
Cameroon,CMR,1996,62381,13970812,0.44650948
Togo,TGO,1997,20014,4485945,0.446149028
Rwanda,RWA,1995,26033,5836490,0.446038629
Congo,COG,1992,11073,2489945,0.444708618
Rwanda,RWA,1993,27813,6263758,0.444030564
Cote d'Ivoire,CIV,1999,70489,16032573,0.439661182
Ethiopia,ETH,1994,242397,55180993,0.439276256
Cameroon,CMR,1999,66268,15112598,0.438495089
South Africa,ZAF,1992,169180,38672611,0.43746723
Namibia,NAM,1991,6435,1476399,0.435857786
Central African Republic,CAF,1999,15466,3558019,0.434680085
Rwanda,RWA,1996,26118,6013112,0.434350799
Cameroon,CMR,1995,57013,13599984,0.419213728
Cameroon,CMR,2000,64917,15513944,0.418442918
Central African Republic,CAF,2000,15096,3640421,0.414677313
Burundi,BDI,1995,24750,5987044,0.413392653
Ethiopia,ETH,1991,204745,49609976,0.412709331
Togo,TGO,1994,16962,4120615,0.411637583
Togo,TGO,1998,18971,4632451,0.40952403
Mozambique,MOZ,1993,58640,14370950,0.408045397
Rwanda,RWA,1997,25883,6419898,0.403168399
Rwanda,RWA,1992,26579,6702239,0.396568967
Ethiopia,ETH,1995,224789,57047906,0.394035497
Cote d'Ivoire,CIV,2000,64792,16454660,0.393760795
Congo,COG,1993,10020,2559880,0.391424598
Equatorial Guinea,GNQ,2000,2341,606180,0.386188921
Gabon,GAB,1996,4177,1112944,0.375310887
Cameroon,CMR,1994,49551,13230978,0.374507463
Gabon,GAB,1997,4260,1141332,0.3732481
Haiti,HTI,1991,26610,7178611,0.370684524
Gabon,GAB,1995,3987,1084951,0.367482034
Haiti,HTI,1990,25787,7037915,0.366401129
Togo,TGO,1999,17481,4780455,0.365676489
Gabon,GAB,1998,4259,1170061,0.363998116
Equatorial Guinea,GNQ,1999,2116,581765,0.363720746
Rwanda,RWA,1998,24725,6962800,0.355101396
Congo,COG,1994,9236,2632345,0.350865863
Gabon,GAB,1999,4204,1199058,0.350608561
Haiti,HTI,1992,25629,7319491,0.350147298
Gabon,GAB,1994,3679,1057252,0.347977587
Togo,TGO,1993,14003,4029044,0.347551429
Burkina Faso,BFA,1990,30554,8811033,0.346769783
Burundi,BDI,1996,20698,6060110,0.341544955
Eritrea,ERI,1994,7565,2218436,0.341006006
Ethiopia,ETH,1990,163195,47887864,0.340785716
Eritrea,ERI,1993,7622,2238631,0.340475943
Ethiopia,ETH,1996,200474,58883531,0.340458523
Equatorial Guinea,GNQ,1998,1879,558496,0.336439294
Gabon,GAB,2000,4113,1228359,0.334836965
Rwanda,RWA,1991,23626,7083928,0.33351553
Eritrea,ERI,1995,7183,2204227,0.325873878
Togo,TGO,2000,15921,4924406,0.323308029
Eswatini,SWZ,1991,2712,845267,0.320845366
Haiti,HTI,1993,23914,7460684,0.320533613
Congo,COG,1995,8676,2707532,0.320439426
Eritrea,ERI,1992,7210,2257593,0.319366688
Mozambique,MOZ,1992,43755,13805999,0.316927446
Gabon,GAB,1993,3261,1029769,0.316672963
Cameroon,CMR,1993,40708,12864091,0.316446766
Rwanda,RWA,1999,22966,7501238,0.306162796
Equatorial Guinea,GNQ,1997,1636,536459,0.304962728
Eritrea,ERI,1996,6571,2196467,0.299162246
Congo,COG,1996,8270,2785815,0.296861062
Eritrea,ERI,1991,6704,2266356,0.295805249
Djibouti,DJI,1998,2001,680465,0.294063618
Rwanda,RWA,1990,21413,7288883,0.293776152
Haiti,HTI,1994,22218,7602318,0.292252968
Djibouti,DJI,1997,1928,660858,0.291741948
Burkina Faso,BFA,1991,26298,9050086,0.290582874
Ethiopia,ETH,1997,174758,60697443,0.287916577
Burundi,BDI,1997,17602,6122130,0.287514313
Namibia,NAM,1990,4098,1432899,0.285993639
Congo,COG,1997,7972,2867283,0.278033246
South Africa,ZAF,1991,104808,37718952,0.27786562
Gabon,GAB,1992,2761,1002573,0.275391418
Djibouti,DJI,1999,1918,699973,0.274010569
Togo,TGO,1992,10782,3945902,0.273245509
Equatorial Guinea,GNQ,1996,1392,515844,0.269849024
Rwanda,RWA,2000,21376,7933688,0.269433333
Haiti,HTI,1995,20822,7744509,0.26886146
Eritrea,ERI,1997,5859,2195192,0.266901483
Congo,COG,1998,7736,2951651,0.262090606
Djibouti,DJI,1996,1676,643649,0.260390368
Guinea-Bissau,GNB,1998,2981,1154372,0.258235647
Guinea-Bissau,GNB,1999,3006,1177133,0.255366216
Guinea-Bissau,GNB,1997,2880,1132505,0.254303513
Cameroon,CMR,1992,31541,12499499,0.252338114
Eritrea,ERI,1990,5674,2258649,0.251212118
Haiti,HTI,1996,19737,7887312,0.250237343
Congo,COG,1999,7559,3038432,0.248779634
Burundi,BDI,1998,15387,6185564,0.248756621
Burkina Faso,BFA,1992,23121,9297110,0.248690184
Guinea-Bissau,GNB,2000,2973,1201305,0.247480865
Djibouti,DJI,2000,1757,717577,0.244851772
Mozambique,MOZ,1991,32627,13328029,0.244799888
Ethiopia,ETH,1998,152437,62507724,0.243869062
Guinea-Bissau,GNB,1996,2697,1110835,0.242790333
Eritrea,ERI,1998,5268,2206439,0.238755751
Congo,COG,2000,7430,3127420,0.237576021
Haiti,HTI,1997,18904,8030721,0.23539605
Equatorial Guinea,GNQ,1995,1154,496768,0.232301598
Democratic Republic of Congo,COD,1990,79722,34612023,0.230330368
Gabon,GAB,1991,2227,975785,0.228226505
Democratic Republic of Congo,COD,1991,81260,35908240,0.226299033
Cambodia,KHM,1995,24036,10656145,0.225559994
Guinea-Bissau,GNB,1995,2431,1088850,0.223263076
Haiti,HTI,1998,18249,8174680,0.223238096
Ghana,GHA,1995,37614,17014058,0.221076007
Ghana,GHA,1996,38323,17462504,0.21945879
Ghana,GHA,1994,36054,16561677,0.217695346
Burundi,BDI,1999,13633,6267132,0.217531719
Burkina Faso,BFA,1993,20725,9552473,0.216959525
Democratic Republic of Congo,COD,1992,80906,37333917,0.216709112
Eritrea,ERI,1999,4804,2237412,0.214712355
Ghana,GHA,1997,38360,17908977,0.214194256
Haiti,HTI,1999,17714,8319070,0.212932455
Cambodia,KHM,1994,21784,10317901,0.211128213
Ethiopia,ETH,1999,134424,64343008,0.208917805
Ghana,GHA,1993,33407,16106756,0.20740986
Ghana,GHA,1998,37849,18357159,0.206181142
Djibouti,DJI,1995,1295,630385,0.205430015
Democratic Republic of Congo,COD,1993,79158,38815835,0.203932235
Haiti,HTI,2000,17241,8463802,0.20370278
Togo,TGO,1991,7777,3862998,0.201320322
Guinea-Bissau,GNB,1994,2099,1066345,0.19684061
Ghana,GHA,1999,36950,18812369,0.196413328
Equatorial Guinea,GNQ,1994,930,479099,0.194114369
Eritrea,ERI,2000,4404,2292413,0.19211198
Burkina Faso,BFA,1994,18846,9816584,0.191981243
Burundi,BDI,2000,12188,6378871,0.191068294
Ghana,GHA,1992,29829,15653345,0.190559909
Democratic Republic of Congo,COD,1994,76468,40252973,0.189968577
Cameroon,CMR,1991,23053,12137912,0.189925582
Cambodia,KHM,1996,20805,10982919,0.189430515
Ghana,GHA,2000,35815,19278850,0.185773529
Mozambique,MOZ,1990,23840,12987292,0.183564056
South Sudan,SSD,1997,9899,5411653,0.18292008
Gambia,GMB,1999,2307,1277118,0.1806411
South Sudan,SSD,1996,9399,5221925,0.179991095
Gabon,GAB,1990,1705,949493,0.179569518
South Sudan,SSD,1998,10164,5661934,0.179514632
Ethiopia,ETH,2000,118748,66224809,0.179310445
Bahamas,BHS,1991,468,261007,0.179305536
Gambia,GMB,2000,2355,1317708,0.178719413
Gambia,GMB,1998,2203,1238124,0.177930482
Liberia,LBR,1996,3823,2160480,0.176951418
Liberia,LBR,1997,4103,2326210,0.176381324
Democratic Republic of Congo,COD,1995,73242,41576239,0.17616312
South Sudan,SSD,1999,10237,5933884,0.172517697
Burkina Faso,BFA,1995,17320,10089880,0.171657146
Liberia,LBR,1995,3479,2044657,0.170150788
Gambia,GMB,1997,2036,1200522,0.169592894
South Sudan,SSD,1995,8656,5118084,0.16912579
Nigeria,NGA,1996,186583,110668784,0.168595871
Ghana,GHA,1991,25616,15207360,0.168444753
Liberia,LBR,1998,4221,2517472,0.1676682
Nigeria,NGA,1995,180526,107948339,0.167233699
South Africa,ZAF,1990,61509,36800507,0.167141719
Nigeria,NGA,1997,188259,113457661,0.165928857
Guinea-Bissau,GNB,1993,1730,1043421,0.165800765
Benin,BEN,1994,9423,5714215,0.164904541
South Sudan,SSD,2000,10159,6199396,0.163870803
Cambodia,KHM,1993,16321,9970727,0.163689167
Benin,BEN,1995,9659,5905552,0.163557954
Democratic Republic of Congo,COD,1996,69791,42757239,0.163226162
Chad,TCD,1994,10936,6781057,0.161272793
Chad,TCD,1995,11286,7010159,0.160994922
Nigeria,NGA,1994,169215,105293701,0.160707619
Nigeria,NGA,1998,186811,116319763,0.160601256
Chad,TCD,1996,11443,7250974,0.157813281
Chad,TCD,1993,10338,6563925,0.157497229
Equatorial Guinea,GNQ,1993,726,462637,0.156926489
Liberia,LBR,1999,4212,2699708,0.156016873
Liberia,LBR,1994,3099,1986491,0.156003727
Gambia,GMB,1996,1809,1164091,0.155400222
Burkina Faso,BFA,1996,16011,10372734,0.154356605
Nigeria,NGA,1999,183329,119260055,0.153722049
Chad,TCD,1997,11464,7503494,0.152782157
Benin,BEN,1996,9271,6094272,0.152126456
Cambodia,KHM,1997,17150,11298594,0.151788798
Democratic Republic of Congo,COD,1997,66239,43827191,0.151136768
South Sudan,SSD,1994,7698,5111371,0.150605386
Benin,BEN,1993,8215,5521761,0.148775001
Chad,TCD,1992,9442,6356741,0.148535232
Nigeria,NGA,1993,152460,102700751,0.148450716
Chad,TCD,1998,11398,7770053,0.146691406
Thailand,THA,1992,84443,57811025,0.146067294
Nigeria,NGA,2000,178575,122283853,0.146033181
Thailand,THA,1991,82982,57232471,0.144991119
Liberia,LBR,2000,4116,2848447,0.144499792
Ghana,GHA,1990,21100,14773274,0.142825483
Djibouti,DJI,1994,873,622364,0.14027161
Chad,TCD,1999,11279,8053532,0.140050353
Togo,TGO,1990,5282,3774310,0.139946109
Democratic Republic of Congo,COD,1998,62739,44849968,0.139886387
Burkina Faso,BFA,1997,14827,10665552,0.139017652
Benin,BEN,1997,8655,6281644,0.137782402
Gambia,GMB,1995,1536,1128577,0.136100594
Cameroon,CMR,1990,15938,11780086,0.135296126
Liberia,LBR,1993,2659,1976701,0.134517056
Dominican Republic,DOM,1991,9779,7270413,0.134504051
Chad,TCD,1991,8259,6157085,0.134138151
Chad,TCD,2000,11127,8355654,0.133167314
Guinea-Bissau,GNB,1992,1357,1020353,0.13299319
Eswatini,SWZ,1990,1084,822423,0.131805652
Nigeria,NGA,1992,131186,100161708,0.130974204
Papua New Guinea,PNG,2000,7632,5847590,0.130515306
Democratic Republic of Congo,COD,1999,59399,45919615,0.129354308
Thailand,THA,1990,72360,56558196,0.127939017
Papua New Guinea,PNG,1999,7296,5716166,0.127638001
South Sudan,SSD,1993,6582,5185712,0.126925676
Timor,TLS,1991,961,759526,0.126526281
Mali,MLI,1996,12447,9837575,0.126525084
Burkina Faso,BFA,1998,13742,10968722,0.125283511
Mali,MLI,1995,11998,9585660,0.125166134
Dominican Republic,DOM,1992,9230,7408339,0.124589331
Benin,BEN,1998,8042,6470275,0.124291471
Mali,MLI,1997,12544,10094363,0.124267376
Equatorial Guinea,GNQ,1992,548,447269,0.122521346
Bahamas,BHS,1992,325,266028,0.122167591
Dominican Republic,DOM,1990,8706,7133491,0.122044031
Bahamas,BHS,1990,308,256227,0.120205911
Mali,MLI,1994,11171,9334893,0.119669288
Mali,MLI,1998,12366,10360564,0.119356437
Democratic Republic of Congo,COD,2000,56205,47105830,0.119316441
Thailand,THA,1993,68889,58337773,0.118086441
Guinea,GIN,1999,9296,8054745,0.115410233
Chad,TCD,1990,6859,5963250,0.115021171
Guinea,GIN,2000,9476,8240735,0.114989743
Benin,BEN,1992,6124,5331805,0.114857914
Papua New Guinea,PNG,1998,6370,5581767,0.114121568
Guinea,GIN,1998,8961,7860772,0.113996437
Gambia,GMB,1994,1245,1094219,0.113779783
Benin,BEN,1999,7527,6664102,0.112948451
Burkina Faso,BFA,1999,12740,11282696,0.112916275
Mali,MLI,1999,12008,10642937,0.112825999
Sierra Leone,SLE,2000,5076,4584570,0.110719217
Guinea,GIN,1997,8469,7662071,0.110531474
Mali,MLI,1993,10008,9087173,0.110133261
Nigeria,NGA,1991,107205,97667632,0.109765127
Liberia,LBR,1992,2184,2001612,0.109112056
Angola,AGO,2000,17737,16395477,0.108182275
Guyana,GUY,1998,813,753778,0.10785669
Sierra Leone,SLE,1999,4805,4462374,0.10767811
Dominican Republic,DOM,1993,8077,7546467,0.107030217
Bahamas,BHS,1994,295,275849,0.106942566
Somalia,SOM,1997,8410,7936122,0.105971153
Mali,MLI,2000,11571,10946448,0.105705522
Guinea,GIN,1996,7875,7463782,0.105509512
Guyana,GUY,1999,787,749676,0.104978684
Angola,AGO,1999,16504,15866871,0.104015467
Timor,TLS,1990,767,737814,0.10395574
Benin,BEN,2000,7124,6865946,0.103758462
Somalia,SOM,1996,7968,7682683,0.103713768
Sierra Leone,SLE,1998,4519,4381484,0.103138571
Guyana,GUY,1997,780,757975,0.102905769
Burkina Faso,BFA,2000,11848,11607951,0.10206797
Cambodia,KHM,1998,11813,11600510,0.10183173
Thailand,THA,1994,59952,58875275,0.101828824
South Sudan,SSD,1992,5397,5305449,0.101725603
Guinea-Bissau,GNB,1991,1014,997522,0.101651893
Somalia,SOM,1998,8317,8235064,0.100994965
Bahamas,BHS,1993,272,271065,0.100344936
Guyana,GUY,2000,743,746718,0.099502088
Timor,TLS,1992,774,783204,0.098824827
Angola,AGO,1998,15092,15359600,0.098257767
Guinea,GIN,1995,7097,7269631,0.097625313
Sierra Leone,SLE,1997,4229,4335295,0.097548148
Mali,MLI,1992,8595,8850334,0.097114979
Bahamas,BHS,1995,270,280179,0.096366965
Somalia,SOM,1995,6958,7491647,0.092876773
Equatorial Guinea,GNQ,1991,400,432844,0.092412047
Dominican Republic,DOM,1994,7088,7683707,0.092247141
Papua New Guinea,PNG,1997,5023,5446633,0.092222112
Thailand,THA,1996,55419,60130190,0.092165017
Somalia,SOM,1999,7866,8553595,0.091961333
Guyana,GUY,1996,692,760801,0.090956768
Angola,AGO,1997,13512,14871572,0.090857913
Gambia,GMB,1993,962,1060861,0.09068106
Sierra Leone,SLE,1996,3870,4312660,0.089735801
Cambodia,KHM,1992,8548,9623899,0.08882055
Nigeria,NGA,1990,82813,95212454,0.086977067
Guinea,GIN,1994,6149,7081119,0.086836558
Cape Verde,CPV,1993,310,366057,0.084686265
Cape Verde,CPV,1992,301,355763,0.084606887
Bahamas,BHS,1996,239,283980,0.084160856
Thailand,THA,1995,49794,59467272,0.083733453
Liberia,LBR,1991,1699,2040141,0.083278558
Djibouti,DJI,1993,513,618504,0.082942067
Cape Verde,CPV,1994,312,376409,0.08288856
Dominican Republic,DOM,1995,6419,7819239,0.082092388
Angola,AGO,1996,11805,14400722,0.081975057
Somalia,SOM,2000,7265,8872250,0.081884528
Mali,MLI,1991,7061,8635528,0.081766859
Cape Verde,CPV,1991,282,346229,0.081448983
Sierra Leone,SLE,1995,3480,4303953,0.080855902
Cape Verde,CPV,1995,309,386288,0.07999213
Guyana,GUY,1995,605,761298,0.079469538
South Sudan,SSD,1991,4242,5420179,0.078263098
Cambodia,KHM,1999,9242,11886464,0.077752307
Cape Verde,CPV,1996,303,395533,0.076605492
Bahamas,BHS,2000,228,298045,0.076498515
Somalia,SOM,1994,5575,7372592,0.07561791
Dominican Republic,DOM,1996,5997,7952766,0.075407726
Guinea,GIN,1993,5192,6897171,0.07527724
Bahamas,BHS,1997,216,287363,0.075166253
Cape Verde,CPV,1990,254,337953,0.07515838
Guinea-Bissau,GNB,1990,724,975265,0.074236233
Senegal,SEN,1996,6583,8912872,0.07385947
Benin,BEN,1991,3785,5149496,0.073502339
Senegal,SEN,1995,6345,8690155,0.073013657
Cape Verde,CPV,1997,295,404248,0.072975005
Niger,NER,1995,6905,9490289,0.072758585
Senegal,SEN,1997,6643,9130876,0.072753151
Niger,NER,1994,6659,9168316,0.072630568
Angola,AGO,1995,10039,13945205,0.071988902
Sierra Leone,SLE,1994,3098,4309780,0.07188302
Dominican Republic,DOM,1997,5722,8084407,0.070778228
Senegal,SEN,1998,6563,9347777,0.070209206
Myanmar,MMR,2000,32722,46719698,0.07003898
Niger,NER,1996,6880,9826600,0.070014044
Senegal,SEN,1994,5907,8461066,0.069813898
Guyana,GUY,1994,529,758896,0.069706521
Cape Verde,CPV,1998,287,412513,0.069573565
Timor,TLS,1993,557,806867,0.069032443
Niger,NER,1993,6116,8860297,0.069027031
Gambia,GMB,1992,709,1027476,0.069004045
Bahamas,BHS,1998,200,290600,0.068823125
Dominican Republic,DOM,1998,5529,8214427,0.067308408
Equatorial Guinea,GNQ,1990,282,419188,0.067272918
Papua New Guinea,PNG,1996,3569,5314258,0.067158952
Senegal,SEN,1999,6386,9568717,0.06673831
Cape Verde,CPV,1999,278,420456,0.06611869
Mali,MLI,1990,5549,8449915,0.0656693
Niger,NER,1997,6663,10178196,0.065463467
Belize,BLZ,2000,160,247310,0.06469613
Dominican Republic,DOM,1999,5387,8343288,0.064566871
Myanmar,MMR,1999,29719,46181075,0.064353201
Senegal,SEN,1993,5280,8226749,0.064180881
Guyana,GUY,1993,483,754141,0.064046379
Liberia,LBR,1990,1323,2075917,0.063730872
Guinea,GIN,1992,4241,6716032,0.063147406
Cape Verde,CPV,2000,270,428178,0.063057887
Senegal,SEN,2000,6147,9797731,0.062739016
Dominican Republic,DOM,2000,5268,8471317,0.062186316
Niger,NER,1992,5326,8566773,0.062170435
Thailand,THA,1997,37740,60846588,0.062024842
Cambodia,KHM,2000,7468,12155241,0.061438519
Angola,AGO,1994,8286,13503753,0.061360719
Sierra Leone,SLE,1993,2646,4328965,0.061123155
Niger,NER,1998,6341,10545720,0.060128659
Guyana,GUY,1992,448,748596,0.059845364
Belize,BLZ,1999,143,238979,0.059837894
Trinidad and Tobago,TTO,1996,739,1257547,0.058765199
Trinidad and Tobago,TTO,1997,738,1259838,0.05857896
South Sudan,SSD,1990,3204,5492620,0.058332817
Trinidad and Tobago,TTO,1995,721,1254200,0.057486844
Trinidad and Tobago,TTO,1998,721,1261699,0.057145167
Suriname,SUR,1999,265,465380,0.056942713
Suriname,SUR,1998,260,459838,0.056541652
Senegal,SEN,1992,4512,7990090,0.056469952
Guyana,GUY,1991,415,744477,0.055743831
Somalia,SOM,1993,4075,7315864,0.055700871
Myanmar,MMR,1998,25317,45611220,0.055506079
Puerto Rico,PRI,1990,1961,3537000,0.055442465
Belize,BLZ,1998,126,230248,0.054723602
Niger,NER,1999,5979,10929922,0.054703044
Timor,TLS,1994,451,827828,0.054479916
Suriname,SUR,2000,256,470944,0.054358905
Trinidad and Tobago,TTO,1994,675,1249527,0.054020441
Saint Vincent and the Grenadines,VCT,1992,58,107941,0.053733058
Saint Vincent and the Grenadines,VCT,1993,58,108036,0.053685808
Saint Vincent and the Grenadines,VCT,1994,58,108059,0.053674382
Suriname,SUR,1997,243,454165,0.053504784
Niger,NER,1991,4387,8288739,0.052927231
Saint Vincent and the Grenadines,VCT,1991,57,107772,0.052889433
Trinidad and Tobago,TTO,1999,664,1263927,0.05253468
Angola,AGO,1993,6624,13075044,0.050661397
Guinea,GIN,1991,3307,6534936,0.050604933
Trinidad and Tobago,TTO,1993,627,1243605,0.050417938
Gambia,GMB,1991,500,992671,0.050369156
Myanmar,MMR,1997,22676,45027223,0.050360645
Sierra Leone,SLE,1992,2189,4347727,0.050348147
Saint Vincent and the Grenadines,VCT,1995,54,108043,0.049980101
Saint Kitts and Nevis,KNA,2000,22,44083,0.049905859
Suriname,SUR,1996,223,448207,0.049753797
Niger,NER,2000,5620,11331561,0.049595991
Bahamas,BHS,1999,145,294063,0.049309162
Saint Vincent and the Grenadines,VCT,1996,53,107983,0.0490818
Belize,BLZ,1997,107,221575,0.048290647
Guyana,GUY,1990,358,743306,0.048163206
Saint Kitts and Nevis,KNA,1999,21,43622,0.048140846
Senegal,SEN,1991,3677,7755503,0.047411496
Trinidad and Tobago,TTO,2000,599,1267159,0.0472711
Saint Kitts and Nevis,KNA,1997,20,42857,0.046666822
Suriname,SUR,1995,206,441851,0.046622051
Saint Vincent and the Grenadines,VCT,1990,50,107489,0.046516388
Saint Kitts and Nevis,KNA,1998,20,43225,0.04626952
Trinidad and Tobago,TTO,1992,572,1236685,0.046252684
Timor,TLS,1995,386,844333,0.04571656
Saint Vincent and the Grenadines,VCT,1997,49,107895,0.045414523
Belize,BLZ,1996,96,213660,0.044931199
Suriname,SUR,1994,195,435099,0.044817386
Puerto Rico,PRI,1991,1585,3562110,0.044496099
Papua New Guinea,PNG,1995,2294,5187063,0.044225412
Suriname,SUR,1993,188,428028,0.04392236
Suriname,SUR,1992,184,420658,0.043740996
Djibouti,DJI,1992,269,615050,0.043736282
Trinidad and Tobago,TTO,1991,525,1229108,0.042713903
Panama,PAN,1992,1098,2575949,0.042625067
Niger,NER,1990,3416,8026592,0.042558535
Saint Kitts and Nevis,KNA,1996,18,42472,0.042380863
Myanmar,MMR,1996,18745,44452203,0.042168889
Bermuda,BMU,1990,25,59326,0.04214004
Saint Vincent and the Grenadines,VCT,1998,45,107807,0.04174126
Belize,BLZ,1995,86,206962,0.041553522
Thailand,THA,1998,25496,61585103,0.041399622
Timor,TLS,1996,353,855358,0.04126927
Suriname,SUR,1991,170,413009,0.041161331
Sierra Leone,SLE,1991,1789,4348663,0.041139081
Panama,PAN,1993,1068,2629584,0.040614789
Angola,AGO,1992,5122,12657361,0.040466571
Saint Kitts and Nevis,KNA,1995,17,42077,0.04040212
Timor,TLS,1997,348,861870,0.040377319
Timor,TLS,1998,348,866523,0.040160504
Myanmar,MMR,1995,17248,43901598,0.039287864
Guinea,GIN,1990,2476,6352282,0.038978118
Bermuda,BMU,1991,23,59021,0.03896918
Timor,TLS,1999,340,873138,0.038940007
Trinidad and Tobago,TTO,1990,473,1221121,0.0387349
Belize,BLZ,1994,78,201679,0.038675321
Benin,BEN,1990,1916,4978489,0.038485573
Timor,TLS,2000,340,884366,0.038445621
Saint Kitts and Nevis,KNA,1994,16,41618,0.038444904
Panama,PAN,1991,961,2523115,0.03808784
Saint Vincent and the Grenadines,VCT,1999,41,107763,0.038046454
Senegal,SEN,1990,2857,7526306,0.037960189
Myanmar,MMR,1992,15909,42401686,0.037519734
Belize,BLZ,1993,73,197625,0.036938646
Somalia,SOM,1992,2693,7295380,0.036913773
Myanmar,MMR,1994,15866,43383421,0.036571574
Saint Kitts and Nevis,KNA,1993,15,41141,0.036459979
Jamaica,JAM,1994,910,2509042,0.036268823
Suriname,SUR,1990,146,405169,0.036034346
Bermuda,BMU,1992,21,58595,0.035839235
Jamaica,JAM,1995,904,2533705,0.035678976
Jamaica,JAM,1993,880,2484583,0.035418418
Gambia,GMB,1990,338,955595,0.035370633
Puerto Rico,PRI,1992,1259,3585176,0.035116826
Jamaica,JAM,1992,861,2461047,0.03498511
Jamaica,JAM,1996,890,2558631,0.034784226
Jamaica,JAM,1991,846,2439329,0.034681669
Ukraine,UKR,2000,17037,49176500,0.034644597
Belize,BLZ,1992,67,194324,0.0344785
Saint Kitts and Nevis,KNA,1992,14,40691,0.034405643
Jamaica,JAM,1990,824,2419901,0.03405098
Barbados,BRB,1991,89,261912,0.033980879
Barbados,BRB,1992,89,262890,0.033854464
Myanmar,MMR,1993,14487,42889992,0.033777111
Barbados,BRB,1990,88,260933,0.033725133
Jamaica,JAM,1997,864,2583914,0.033437645
Cambodia,KHM,1991,3088,9289298,0.033242555
India,IND,1998,337199,1019483586,0.033075471
Panama,PAN,1994,887,2684117,0.033046249
India,IND,1997,330079,1000900028,0.032978219
Barbados,BRB,1993,87,263869,0.032970906
Sierra Leone,SLE,1990,1404,4319763,0.032501783
Saint Vincent and the Grenadines,VCT,2000,35,107787,0.032471448
Belize,BLZ,1991,62,191136,0.032437636
Saint Kitts and Nevis,KNA,1990,13,40260,0.032290114
Bermuda,BMU,1993,19,58910,0.032252589
Saint Kitts and Nevis,KNA,1991,13,40381,0.032193358
Ukraine,UKR,1999,15937,49674000,0.032083182
Jamaica,JAM,1998,830,2608874,0.031814492
Portugal,PRT,1994,3176,9991525,0.031786939
Myanmar,MMR,1991,13300,41890192,0.031749675
Portugal,PRT,1995,3167,10026176,0.031587317
Barbados,BRB,1994,83,264893,0.031333406
Panama,PAN,1990,774,2470946,0.031324035
Angola,AGO,1991,3829,12248901,0.031259947
Belize,BLZ,1990,58,187554,0.030924427
India,IND,1999,318661,1038058154,0.030697798
India,IND,1996,300158,982365248,0.030554623
Thailand,THA,1999,19018,62298569,0.030527186
Barbados,BRB,1995,81,265955,0.03045628
Brazil,BRA,1999,52336,172318674,0.030371636
Jamaica,JAM,1999,789,2632677,0.029969495
Barbados,BRB,1996,79,267047,0.029582808
Thailand,THA,2000,18534,62952639,0.02944118
Portugal,PRT,1993,2932,9964675,0.02942394
Barbados,BRB,1997,78,268183,0.029084618
Brazil,BRA,2000,50735,174790339,0.029026204
Bermuda,BMU,1994,17,59320,0.028658125
Ukraine,UKR,1998,14241,50144500,0.028399924
Portugal,PRT,1996,2849,10063945,0.028308978
Barbados,BRB,1998,76,269334,0.028217752
Jamaica,JAM,2000,746,2654698,0.028101125
Puerto Rico,PRI,1993,1015,3615497,0.028073595
El Salvador,SLV,2000,1635,5887930,0.027768673
Barbados,BRB,1999,75,270455,0.027731046
Brazil,BRA,1998,46680,169785253,0.027493554
El Salvador,SLV,1999,1597,5844834,0.027323274
Barbados,BRB,2000,73,271511,0.026886572
Bermuda,BMU,1995,16,59746,0.026780035
El Salvador,SLV,1998,1538,5797764,0.026527468
Papua New Guinea,PNG,1994,1343,5065664,0.026511825
India,IND,2000,279878,1056575548,0.026489161
Sudan,SDN,1999,7026,26626512,0.026387234
Sudan,SDN,1998,6831,26015518,0.026257405
Sudan,SDN,2000,7143,27275019,0.026188799
Portugal,PRT,1992,2602,9952494,0.026144201
Panama,PAN,1995,713,2739667,0.026025061
India,IND,1995,250157,963922586,0.02595198
Malaysia,MYS,1991,4765,18519941,0.025729024
Sudan,SDN,1997,6534,25413912,0.025710327
Antigua and Barbuda,ATG,1990,16,62533,0.02558649
Panama,PAN,2000,770,3030333,0.025409749
El Salvador,SLV,1997,1458,5746288,0.025372902
Antigua and Barbuda,ATG,1991,16,63363,0.02525133
Bermuda,BMU,1996,15,60129,0.024946365
Antigua and Barbuda,ATG,1992,16,64459,0.02482198
Sudan,SDN,1996,6139,24782384,0.024771628
Brazil,BRA,1997,41368,167209046,0.024740288
Antigua and Barbuda,ATG,1993,16,65777,0.024324612
Ukraine,UKR,1997,12241,50594600,0.024194282
Antigua and Barbuda,ATG,1994,16,67201,0.02380917
El Salvador,SLV,1996,1353,5689943,0.023778797
Antigua and Barbuda,ATG,1997,17,71707,0.023707588
United States,USA,1990,59039,249623000,0.023651266
Portugal,PRT,1997,2389,10108977,0.023632461
Sudan,SDN,1995,5655,24094741,0.023469852
Angola,AGO,1990,2769,11848385,0.023370274
Antigua and Barbuda,ATG,1995,16,68672,0.023299161
Antigua and Barbuda,ATG,1998,17,73219,0.023218017
Bermuda,BMU,1997,14,60497,0.023141643
United States Virgin Islands,VIR,1990,24,103963,0.023085136
Antigua and Barbuda,ATG,1996,16,70176,0.022799818
Dominica,DMA,1991,16,70377,0.0227347
Dominica,DMA,1990,16,70422,0.022720173
Dominica,DMA,1992,16,70546,0.022680237
Portugal,PRT,1991,2254,9960235,0.022629988
Somalia,SOM,1991,1633,7274026,0.022449741
Panama,PAN,1996,626,2796291,0.022386797
Puerto Rico,PRI,1994,815,3649237,0.022333436
Brazil,BRA,1996,36262,164614682,0.022028412
Malaysia,MYS,1992,4168,19002660,0.021933771
Panama,PAN,1999,648,2971197,0.021809392
Sudan,SDN,1994,5069,23338465,0.021719509
Moldova,MDA,1997,633,2935524,0.021563441
El Salvador,SLV,1995,1213,5628602,0.021550644
Antigua and Barbuda,ATG,1999,16,74674,0.021426467
Panama,PAN,1997,611,2853907,0.021409247
Panama,PAN,1998,622,2912318,0.021357558
Bermuda,BMU,1998,13,60943,0.021331408
Dominica,DMA,1993,15,70818,0.021181056
Dominica,DMA,1994,15,71044,0.021113676
Dominica,DMA,1995,15,71105,0.021095563
United States Virgin Islands,VIR,1991,22,104807,0.020990964
Djibouti,DJI,1991,126,606843,0.020763196
Mexico,MEX,1990,17206,83943135,0.020497209
India,IND,1994,191359,945601828,0.020236742
Ukraine,UKR,1996,10304,51057800,0.02018105
Dominica,DMA,1998,14,70183,0.019947851
Dominica,DMA,1997,14,70592,0.019832276
Dominica,DMA,1996,14,70933,0.019736935
Antigua and Barbuda,ATG,2000,15,76007,0.019735024
Bermuda,BMU,1999,12,61285,0.019580648
Sudan,SDN,1993,4411,22527837,0.01958022
Brazil,BRA,1995,31690,162019889,0.019559327
Portugal,PRT,1990,1937,9983218,0.019402561
Portugal,PRT,1998,1970,10160196,0.01938939
Nepal,NPL,2000,4642,23941099,0.019389252
United States,USA,1997,52688,272657000,0.019323912
El Salvador,SLV,1994,1073,5561916,0.019291913
United States,USA,1991,48797,252981000,0.0192888
Uruguay,URY,1999,636,3308005,0.019226089
Argentina,ARG,1998,6928,36063451,0.019210585
United States,USA,1993,49924,259919000,0.019207522
Switzerland,CHE,1991,1306,6799978,0.019205944
Argentina,ARG,2000,6993,36870796,0.01896623
United States Virgin Islands,VIR,1992,20,105712,0.018919328
Uruguay,URY,2000,624,3319734,0.018796687
Uruguay,URY,1998,617,3291053,0.018747799
Argentina,ARG,1999,6833,36467218,0.018737377
Dominica,DMA,1999,13,69828,0.018617174
Puerto Rico,PRI,1995,685,3683103,0.018598448
United States,USA,1992,47508,256514000,0.018520627
Brazil,BRA,1994,29024,159432717,0.018204545
Argentina,ARG,1997,6477,35657438,0.018164513
Spain,ESP,1990,7060,38867322,0.018164359
Brazil,BRA,1990,26948,149003225,0.018085515
Venezuela,VEN,1994,3872,21474553,0.018030643
Mexico,MEX,1991,15326,85512621,0.017922501
United States Virgin Islands,VIR,1993,19,106578,0.017827319
United States,USA,1998,49118,275854000,0.017805796
Bermuda,BMU,2000,11,61833,0.017789853
Vietnam,VNM,1999,13985,79035871,0.017694497
Venezuela,VEN,1995,3877,21931087,0.017678102
Vietnam,VNM,2000,14093,79910411,0.017636
Nepal,NPL,1999,4079,23509971,0.017350085
Dominica,DMA,2000,12,69650,0.017229002
Moldova,MDA,1998,505,2934339,0.017210009
Vietnam,VNM,1998,13433,78115712,0.017196284
Sudan,SDN,1992,3719,21696240,0.017141219
Uruguay,URY,1997,560,3270158,0.017124555
United States,USA,1999,47739,279040000,0.0171083
Madagascar,MDG,2000,2692,15766806,0.017073845
Brazil,BRA,1993,26734,156849086,0.017044409
El Salvador,SLV,1993,922,5490478,0.016792709
United States Virgin Islands,VIR,1994,18,107318,0.016772582
Venezuela,VEN,1996,3744,22385650,0.016725
Argentina,ARG,1996,5890,35246376,0.016710938
Switzerland,CHE,1992,1137,6875364,0.016537306
Ukraine,UKR,1995,8472,51512800,0.016446398
Argentina,ARG,1995,5710,34828168,0.016394776
Brazil,BRA,1991,24791,151648007,0.016347726
Greenland,GRL,1993,9,55200,0.016304348
Venezuela,VEN,1993,3424,21016900,0.016291651
Argentina,ARG,1991,5360,33079002,0.016203633
Brazil,BRA,1992,24990,154259382,0.016199987
Greenland,GRL,1990,9,55600,0.01618705
United States,USA,2000,45637,282162411,0.016174018
Madagascar,MDG,1999,2471,15282524,0.016168795
Guatemala,GTM,2000,1872,11589761,0.016152188
Puerto Rico,PRI,1996,600,3724655,0.016108875
Argentina,ARG,1992,5394,33529320,0.016087412
Greenland,GRL,1997,9,56000,0.016071429
Portugal,PRT,1999,1640,10217828,0.016050378
Venezuela,VEN,1997,3657,22837743,0.016012966
Venezuela,VEN,2000,3869,24192449,0.015992593
Argentina,ARG,1994,5499,34402669,0.015984225
Argentina,ARG,1993,5398,33970103,0.015890443
Venezuela,VEN,1998,3688,23288567,0.015836097
Argentina,ARG,1990,5157,32618648,0.015809975
United States Virgin Islands,VIR,1995,17,107818,0.015767312
Venezuela,VEN,1999,3743,23739835,0.015766748
United States Virgin Islands,VIR,1996,17,108095,0.015726907
Switzerland,CHE,1990,1054,6715519,0.015694989
Vietnam,VNM,1997,12103,77133212,0.015691036
United States Virgin Islands,VIR,1997,17,108357,0.01568888
Myanmar,MMR,1990,6483,41335188,0.015683974
Grenada,GRD,1998,16,102023,0.015682738
Grenada,GRD,1999,16,102429,0.015620576
Spain,ESP,1991,6086,38966376,0.015618594
Seychelles,SYC,1991,11,70439,0.015616349
Grenada,GRD,2000,16,102837,0.015558602
Grenada,GRD,1991,15,96462,0.015550165
Grenada,GRD,1992,15,97161,0.015438293
Uruguay,URY,1996,501,3247383,0.015427808
Guatemala,GTM,1999,1733,11311078,0.015321263
Grenada,GRD,1993,15,98234,0.015269662
Peru,PER,2000,4030,26459944,0.015230569
Peru,PER,1999,3964,26078295,0.01520038
Grenada,GRD,1994,15,99345,0.015098898
Switzerland,CHE,1995,1062,7040687,0.015083755
Peru,PER,1998,3861,25658070,0.015047897
Malaysia,MYS,2000,3484,23194252,0.015020963
Saint Lucia,LCA,1991,21,140001,0.014999893
Grenada,GRD,1995,15,100286,0.014957222
Grenada,GRD,1996,15,101003,0.014851044
Puerto Rico,PRI,1997,557,3759430,0.014816076
Saint Lucia,LCA,1992,21,141758,0.014813979
Saint Lucia,LCA,1996,22,148837,0.014781271
Grenada,GRD,1997,15,101567,0.014768576
United States Virgin Islands,VIR,1998,16,108537,0.014741517
United States Virgin Islands,VIR,1999,16,108599,0.014733101
Peru,PER,1997,3704,25210957,0.014692025
Papua New Guinea,PNG,1993,727,4949053,0.014689679
Saint Lucia,LCA,1993,21,143402,0.014644147
Colombia,COL,1996,5426,37076387,0.014634651
Uruguay,URY,1991,458,3131657,0.014624846
Saint Lucia,LCA,1997,22,150920,0.014577259
Grenada,GRD,1990,14,96328,0.014533677
Saint Lucia,LCA,1990,20,138019,0.014490759
India,IND,1993,134339,927403866,0.014485491
Uruguay,URY,1995,467,3224275,0.014483876
Saint Lucia,LCA,1994,21,145080,0.014474773
Greenland,GRL,1992,8,55300,0.014466546
Madagascar,MDG,1998,2142,14808791,0.014464381
Sudan,SDN,1991,3019,20891442,0.014450893
Russia,RUS,1997,21369,147915361,0.014446775
Greenland,GRL,1991,8,55500,0.014414414
Seychelles,SYC,1990,10,69507,0.01438704
Saint Lucia,LCA,1998,22,153023,0.014376924
El Salvador,SLV,1992,776,5416327,0.014327052
Saint Lucia,LCA,1995,21,146871,0.014298262
Greenland,GRL,1998,8,56100,0.01426025
Greenland,GRL,1999,8,56100,0.01426025
Malaysia,MYS,1993,2770,19484901,0.014216136
Saint Lucia,LCA,1999,22,154988,0.014194647
Seychelles,SYC,1992,10,70763,0.014131679
Guatemala,GTM,1998,1561,11046215,0.014131537
Peru,PER,1996,3494,24753825,0.01411499
Malaysia,MYS,1999,3198,22661293,0.014112169
United States,USA,1996,37894,269394000,0.014066386
Puerto Rico,PRI,1998,531,3781101,0.014043529
Uruguay,URY,1992,442,3154459,0.014011911
Colombia,COL,1997,5242,37723803,0.013895736
Portugal,PRT,2000,1429,10289898,0.013887407
Russia,RUS,1998,20432,147670784,0.013836183
United States Virgin Islands,VIR,2000,15,108642,0.013806815
Uruguay,URY,1993,435,3177734,0.013689
Mexico,MEX,1992,11870,87075136,0.013631905
Uruguay,URY,1994,436,3201149,0.01362011
Malaysia,MYS,1998,3004,22114647,0.013583757
Malaysia,MYS,1990,2449,18029824,0.01358305
Saint Lucia,LCA,2000,21,156737,0.01339824
Switzerland,CHE,1994,930,6993795,0.013297502
Puerto Rico,PRI,1999,503,3800081,0.01323656
Malaysia,MYS,1996,2780,21017619,0.013226998
Ukraine,UKR,1994,6854,51921400,0.013200723
Vietnam,VNM,1996,10027,76068739,0.013181499
United States,USA,1995,35066,266278000,0.013168944
Peru,PER,1995,3197,24299168,0.013156829
Colombia,COL,1995,4781,36421438,0.013126884
Malaysia,MYS,1997,2826,21562790,0.013105911
Malaysia,MYS,1995,2664,20487604,0.013002985
Russia,RUS,1999,19095,147214776,0.012970845
Venezuela,VEN,1992,2632,20557694,0.012802992
Somalia,SOM,1990,925,7225089,0.01280261
Spain,ESP,1992,5013,39157685,0.012802085
Nepal,NPL,1998,2918,23057875,0.012655112
Guatemala,GTM,1997,1355,10788362,0.012559831
Greenland,GRL,1995,7,55800,0.012544803
Greenland,GRL,1996,7,55900,0.012522361
Puerto Rico,PRI,2000,477,3810605,0.012517697
Greenland,GRL,2000,7,56200,0.012455516
Malaysia,MYS,1994,2486,19977508,0.012443995
Switzerland,CHE,1993,851,6938265,0.012265314
Madagascar,MDG,1997,1739,14347860,0.012120274
Uruguay,URY,1990,376,3109598,0.012091595
Paraguay,PRY,2000,643,5323202,0.012079196
Russia,RUS,2000,17698,146596869,0.012072563
Laos,LAO,2000,639,5323701,0.012002928
El Salvador,SLV,1991,640,5342190,0.011980106
Colombia,COL,1998,4574,38364307,0.01192254
Peru,PER,1994,2811,23851405,0.011785469
United States,USA,1994,31008,263126000,0.011784468
Sudan,SDN,1990,2361,20147592,0.011718522
Philippines,PHL,1991,7376,63454785,0.011624025
Ecuador,ECU,2000,1461,12681123,0.011521062
Italy,ITA,1991,6461,56758521,0.011383313
Russia,RUS,1996,16644,148160129,0.011233792
Cambodia,KHM,1990,1007,8975597,0.011219309
Bolivia,BOL,1990,768,6864839,0.011187444
Colombia,COL,1994,3983,35758978,0.011138462
Turkmenistan,TKM,1990,410,3683978,0.011129274
Belgium,BEL,1994,1125,10115603,0.011121433
Belgium,BEL,1995,1114,10136811,0.01098965
Bolivia,BOL,1991,763,7011456,0.010882191
Switzerland,CHE,1996,767,7071850,0.010845818
Guatemala,GTM,1996,1142,10536942,0.010838059
Italy,ITA,1990,6141,56719240,0.010827014
Greenland,GRL,1994,6,55500,0.010810811
Bolivia,BOL,1992,773,7160917,0.010794707
Paraguay,PRY,1999,562,5216346,0.010773825
Ukraine,UKR,1993,5616,52179200,0.010762909
Bolivia,BOL,1993,786,7312857,0.010748193
Belgium,BEL,1993,1081,10084475,0.010719447
Chile,CHL,2000,1639,15342350,0.010682848
Ecuador,ECU,1999,1329,12442109,0.010681469
Belgium,BEL,1996,1079,10156637,0.010623595
Bolivia,BOL,1994,793,7466792,0.010620357
Mexico,MEX,1993,9344,88625440,0.010543248
Venezuela,VEN,1991,2104,20096314,0.010469582
Bolivia,BOL,1995,793,7622334,0.010403638
Vietnam,VNM,1995,7741,74910462,0.01033367
Belgium,BEL,1992,1020,10045158,0.010154146
Peru,PER,1993,2364,23408135,0.010099053
Canada,CAN,1990,2794,27691138,0.010089871
Bolivia,BOL,1996,784,7779268,0.010078069
Spain,ESP,1993,3925,39361262,0.009971733
Belgium,BEL,1997,1013,10181245,0.009949667
Colombia,COL,1999,3852,38999468,0.009877058
Ecuador,ECU,1998,1199,12198449,0.009829118
El Salvador,SLV,1990,517,5270074,0.009810109
United Kingdom,GBR,2000,5746,58892514,0.009756758
Chile,CHL,1999,1474,15162801,0.009721159
Seychelles,SYC,1993,7,72253,0.009688179
Bolivia,BOL,1997,765,7937453,0.009637852
Colombia,COL,1993,3371,35091272,0.009606377
Chile,CHL,1998,1430,14977736,0.009547504
India,IND,1992,86330,909307018,0.009494043
Turkmenistan,TKM,1991,358,3789188,0.009447934
Paraguay,PRY,1998,481,5107840,0.009416896
Canada,CAN,1991,2632,28037420,0.009387454
Madagascar,MDG,1996,1298,13902697,0.009336318
Chile,CHL,1997,1376,14786227,0.009305957
United Kingdom,GBR,1999,5448,58682466,0.009283863
Ukraine,UKR,1992,4803,52150400,0.009209901
Belgium,BEL,2000,942,10251250,0.009189123
Andorra,AND,1990,5,54508,0.009172965
Guatemala,GTM,1995,941,10286786,0.009147658
Bolivia,BOL,1998,737,8096761,0.009102405
Belgium,BEL,1991,909,10004486,0.009085924
Belgium,BEL,1998,915,10203008,0.008967944
Turkmenistan,TKM,2000,405,4516128,0.008967859
Venezuela,VEN,1990,1751,19632665,0.00891881
Ecuador,ECU,1997,1061,11951457,0.008877579
Andorra,AND,1991,5,56666,0.008823633
Djibouti,DJI,1990,52,590393,0.008807693
Chile,CHL,1996,1284,14587367,0.008802137
Mexico,MEX,1994,7909,90156396,0.008772533
Seychelles,SYC,1999,7,80410,0.008705385
Colombia,COL,2000,3429,39629965,0.008652544
Seychelles,SYC,2000,7,81131,0.008628021
Bolivia,BOL,1999,711,8257066,0.008610807
Philippines,PHL,2000,6707,77991757,0.008599627
United Kingdom,GBR,1998,5022,58487141,0.008586503
Mexico,MEX,2000,8474,98899845,0.008568264
Andorra,AND,1992,5,58882,0.008491559
Belgium,BEL,1999,867,10226419,0.008478041
Laos,LAO,1999,442,5235339,0.008442624
Switzerland,CHE,1997,592,7088906,0.008351077
Colombia,COL,1992,2872,34422568,0.008343364
Peru,PER,1992,1916,22966822,0.008342469
Austria,AUT,1990,640,7677850,0.008335667
Canada,CAN,1992,2360,28371264,0.008318276
Ukraine,UKR,1991,4320,52000500,0.008307612
Turkmenistan,TKM,1999,371,4466133,0.008306963
Mexico,MEX,1999,8056,97484823,0.00826385
Belgium,BEL,1990,822,9967379,0.008246902
Bolivia,BOL,2000,693,8418270,0.008232095
Austria,AUT,1991,634,7754891,0.008175486
Vietnam,VNM,1994,6015,73651220,0.008166871
Mexico,MEX,1998,7810,96056313,0.008130647
Paraguay,PRY,1997,405,4998096,0.008103086
Seychelles,SYC,1994,6,74205,0.008085709
Chile,CHL,1995,1162,14380864,0.008080182
Mexico,MEX,1995,7356,91663290,0.008025023
Andorra,AND,1994,5,62676,0.007977535
Seychelles,SYC,1995,6,75304,0.007967704
Ukraine,UKR,1990,4122,51891400,0.007943513
Mexico,MEX,1997,7492,94611008,0.00791874
Moldova,MDA,2000,231,2923783,0.007900723
Seychelles,SYC,1996,6,76417,0.007851656
Ecuador,ECU,1996,914,11703169,0.00780985
Mexico,MEX,1996,7261,93147045,0.007795202
Spain,ESP,1994,3072,39549108,0.007767558
Latvia,LVA,1992,203,2614338,0.007764872
Guatemala,GTM,1994,779,10037522,0.00776088
Seychelles,SYC,1997,6,77319,0.007760059
Turkmenistan,TKM,1992,302,3899843,0.007743901
Chile,CHL,1994,1088,14166346,0.007680174
Papua New Guinea,PNG,1992,371,4836216,0.007671287
Turkmenistan,TKM,1998,338,4413477,0.007658361
Canada,CAN,1993,2190,28684764,0.007634715
Philippines,PHL,1999,5822,76325927,0.007627814
Seychelles,SYC,1998,6,78846,0.007609771
Mauritius,MUS,2000,90,1186873,0.007582951
Nepal,NPL,1997,1709,22584772,0.007567046
Canada,CAN,1997,2241,29905948,0.007493493
Austria,AUT,1992,583,7840709,0.007435552
Canada,CAN,1999,2245,30401286,0.007384556
Chile,CHL,1993,1025,13944934,0.00735034
Canada,CAN,1998,2214,30155173,0.007342024
Australia,AUS,1997,1357,18517000,0.007328401
Nicaragua,NIC,2000,371,5069310,0.00731855
United Kingdom,GBR,1997,4267,58316954,0.007316912
Canada,CAN,1994,2092,29000663,0.007213628
Austria,AUT,2000,577,8011566,0.007202088
Moldova,MDA,1999,211,2929735,0.007202017
Colombia,COL,1991,2429,33758328,0.007195262
Latvia,LVA,1991,189,2650581,0.007130512
Turkmenistan,TKM,1997,309,4355125,0.007095089
Switzerland,CHE,1998,504,7110001,0.007088607
Canada,CAN,2000,2172,30685730,0.007078209
Moldova,MDA,1996,208,2946401,0.00705946
Chile,CHL,1992,963,13719818,0.007019044
Costa Rica,CRI,2000,276,3962369,0.00696553
Canada,CAN,1996,2061,29610218,0.006960435
Paraguay,PRY,1996,336,4887638,0.006874486
Peru,PER,1991,1541,22522383,0.006842082
Guatemala,GTM,1993,669,9790619,0.006833072
Vietnam,VNM,1993,4929,72300308,0.006817398
Turkmenistan,TKM,1996,292,4287337,0.006810755
Nicaragua,NIC,1999,339,4991041,0.00679217
Australia,AUS,1990,1159,17065100,0.006791639
Turkmenistan,TKM,1993,271,4010789,0.006756775
Canada,CAN,1995,1977,29302311,0.006746908
Luxembourg,LUX,1991,26,387000,0.006718346
Costa Rica,CRI,1999,261,3885428,0.006717407
Latvia,LVA,1993,172,2563290,0.006710126
Chile,CHL,1991,901,13495255,0.006676421
Ecuador,ECU,1995,764,11455205,0.006669457
Madagascar,MDG,1995,894,13475403,0.00663431
Luxembourg,LUX,1992,26,392175,0.006629693
Italy,ITA,1992,3755,56797087,0.006611255
Solomon Islands,SLB,1994,23,349273,0.006585107
Turkmenistan,TKM,1995,277,4207841,0.006582948
Andorra,AND,1993,4,60974,0.006560173
Luxembourg,LUX,1990,25,381850,0.006547073
Turkmenistan,TKM,1994,269,4115105,0.006536893
Micronesia (country),FSM,2000,7,107405,0.006517387
Estonia,EST,2000,91,1396985,0.006514028
Micronesia (country),FSM,1999,7,107769,0.006495374
Micronesia (country),FSM,1998,7,108206,0.006469142
Costa Rica,CRI,1998,246,3803893,0.006467059
Australia,AUS,1998,1210,18711000,0.006466784
Australia,AUS,1996,1181,18311000,0.006449675
Austria,AUT,1993,507,7905633,0.006413149
Solomon Islands,SLB,1995,23,359276,0.006401764
Costa Rica,CRI,1992,210,3286525,0.006389728
Norway,NOR,1991,271,4261732,0.006358917
Costa Rica,CRI,1993,214,3372298,0.006345821
Costa Rica,CRI,1991,203,3202083,0.006339623
Costa Rica,CRI,1994,219,3458829,0.006331623
Guatemala,GTM,1992,604,9544055,0.006328547
Australia,AUS,1999,1196,18926000,0.006319349
Brunei,BRN,2000,21,333166,0.006303164
Mauritius,MUS,1999,74,1175267,0.006296442
Chile,CHL,1990,835,13274617,0.0062902
Costa Rica,CRI,1996,228,3632361,0.006276909
Andorra,AND,1995,4,63860,0.006263702
Philippines,PHL,1998,4657,74672009,0.006236607
Andorra,AND,1998,4,64140,0.006236358
Costa Rica,CRI,1995,221,3545524,0.006233211
Australia,AUS,1991,1077,17284000,0.006231196
Micronesia (country),FSM,1990,6,96304,0.006230271
France,FRA,1990,3626,58235716,0.00622642
Andorra,AND,1997,4,64318,0.006219099
Costa Rica,CRI,1990,194,3119436,0.006219073
Andorra,AND,1996,4,64363,0.006214751
Norway,NOR,1990,263,4241473,0.006200676
Costa Rica,CRI,1997,230,3718952,0.006184538
Philippines,PHL,1997,4507,73030879,0.006171362
Colombia,COL,1990,2040,33102569,0.006162664
Guam,GUM,1990,8,130480,0.006131208
Vietnam,VNM,1992,4321,70883488,0.006095919
Bhutan,BTN,2000,36,591014,0.006091226
Norway,NOR,1992,261,4286401,0.006089024
Nicaragua,NIC,1998,299,4910642,0.006088817
Luxembourg,LUX,1993,24,397475,0.006038116
Denmark,DNK,1990,310,5140939,0.006030027
Honduras,HND,1990,298,4955302,0.006013761
Austria,AUT,1999,479,7992324,0.005993251
Denmark,DNK,1992,309,5171370,0.005975206
Spain,ESP,1995,2370,39724050,0.005966159
Denmark,DNK,1991,307,5154298,0.005956194
Solomon Islands,SLB,1996,22,369517,0.005953718
Guatemala,GTM,1991,553,9296814,0.005948274
Australia,AUS,1992,1040,17495000,0.005944556
Honduras,HND,1991,303,5098594,0.005942815
Latvia,LVA,1990,158,2663151,0.005932822
Solomon Islands,SLB,1993,20,339501,0.005890999
Peru,PER,1990,1299,22071433,0.005885436
United Kingdom,GBR,1996,3416,58166950,0.005872751
Honduras,HND,1992,308,5244677,0.005872621
Guatemala,GTM,1990,529,9050115,0.00584523
Vietnam,VNM,1991,4052,69436956,0.005835509
Honduras,HND,1993,313,5394416,0.005802296
Paraguay,PRY,1995,277,4776838,0.005798815
Micronesia (country),FSM,1993,6,103901,0.005774728
Solomon Islands,SLB,1990,18,311869,0.005771654
Philippines,PHL,1995,4025,69784087,0.005767791
Australia,AUS,2000,1104,19153000,0.00576411
Oman,OMN,2000,130,2267973,0.005731991
Vietnam,VNM,1990,3896,67988855,0.005730351
Honduras,HND,1994,317,5548969,0.005712773
Bhutan,BTN,1999,33,577886,0.005710469
India,IND,1991,50862,891273202,0.005706668
Denmark,DNK,1993,295,5188628,0.005685511
Palau,PLW,1996,1,17599,0.005682141
Ecuador,ECU,1994,635,11207999,0.005665597
Micronesia (country),FSM,1994,6,106030,0.005658776
Philippines,PHL,1996,4039,71401743,0.005656725
Latvia,LVA,2000,133,2367550,0.005617622
Honduras,HND,1995,320,5709010,0.005605175
Australia,AUS,1993,988,17667000,0.005592347
Solomon Islands,SLB,2000,23,412665,0.005573528
Palau,PLW,1997,1,18016,0.005550622
Micronesia (country),FSM,1997,6,108473,0.00553133
Solomon Islands,SLB,1997,21,379998,0.005526345
Vanuatu,VUT,1999,10,181259,0.005516967
Bhutan,BTN,1998,31,564378,0.005492773
Honduras,HND,1996,322,5874814,0.005481025
Solomon Islands,SLB,1999,22,401592,0.005478197
Luxembourg,LUX,1994,22,402925,0.005460073
Vanuatu,VUT,1990,8,146575,0.005457957
Moldova,MDA,1992,162,2977130,0.005441482
Australia,AUS,1994,970,17855000,0.005432652
Palau,PLW,1998,1,18409,0.005432126
Laos,LAO,1998,279,5144601,0.005423161
France,FRA,1998,3262,60186284,0.00541984
Moldova,MDA,1991,161,2975523,0.005410813
Vanuatu,VUT,2000,10,184964,0.005406457
France,FRA,1999,3261,60496708,0.005390376
Norway,NOR,1993,232,4311991,0.005380345
Solomon Islands,SLB,1998,21,390702,0.00537494
France,FRA,1991,3138,58559309,0.00535867
Australia,AUS,1995,965,18072000,0.005339752
Samoa,WSM,1994,9,168689,0.005335262
Palau,PLW,1999,1,18773,0.005326799
Honduras,HND,1997,322,6045704,0.005326096
Austria,AUT,1998,424,7976789,0.005315422
Netherlands,NLD,1998,834,15707209,0.005309664
Vanuatu,VUT,1991,8,150718,0.005307926
Solomon Islands,SLB,1991,17,320781,0.005299566
Nicaragua,NIC,1997,254,4827658,0.00526135
Bhutan,BTN,1997,29,551713,0.005256356
France,FRA,2000,3189,60912500,0.005235379
Palau,PLW,2000,1,19104,0.005234506
Israel,ISR,2000,329,6289000,0.005231356
Philippines,PHL,1994,3564,68180846,0.005227275
Denmark,DNK,1994,272,5206180,0.00522456
Moldova,MDA,1990,155,2969097,0.005220442
Belarus,BLR,2000,518,9979610,0.005190584
Netherlands,NLD,1997,810,15610650,0.005188765
Moldova,MDA,1995,153,2952307,0.005182388
France,FRA,1997,3102,59964841,0.005173031
Switzerland,CHE,1999,369,7143991,0.00516518
Solomon Islands,SLB,1992,17,330004,0.005151453
Honduras,HND,1998,320,6220405,0.00514436
Luxembourg,LUX,1995,21,408625,0.005139186
Morocco,MAR,2000,1465,28793672,0.005087923
Moldova,MDA,1993,151,2973114,0.00507885
Honduras,HND,1999,324,6397140,0.005064763
Micronesia (country),FSM,1991,5,98779,0.005061805
Vanuatu,VUT,1998,9,177987,0.005056549
Oman,OMN,1999,114,2254898,0.005055661
Ecuador,ECU,1993,554,10961460,0.005054071
Netherlands,NLD,1999,797,15812088,0.005040448
Honduras,HND,2000,331,6574510,0.005034596
Austria,AUT,1997,400,7968041,0.005020054
Latvia,LVA,1999,120,2390482,0.005019908
Vanuatu,VUT,1993,8,159743,0.005008044
Moldova,MDA,1994,147,2964277,0.004959051
Austria,AUT,1994,393,7936118,0.004952043
Micronesia (country),FSM,1992,5,101386,0.004931647
Netherlands,NLD,1996,765,15530498,0.004925792
Samoa,WSM,1990,8,162797,0.004914095
Norway,NOR,1994,210,4336613,0.004842489
Mauritius,MUS,1998,56,1160421,0.004825835
Paraguay,PRY,1994,225,4666096,0.004822018
Bhutan,BTN,1996,26,541471,0.004801735
France,FRA,1996,2869,59753095,0.004801425
France,FRA,1992,2825,58851216,0.004800241
Samoa,WSM,1993,8,167117,0.004787065
Denmark,DNK,1995,250,5233373,0.004777034
Israel,ISR,1990,221,4660000,0.004742489
Latvia,LVA,1994,119,2520742,0.004720832
Bhutan,BTN,1990,25,530801,0.004709863
Samoa,WSM,1995,8,170050,0.004704499
Ecuador,ECU,1992,503,10716131,0.004693858
Switzerland,CHE,2000,336,7184250,0.004676897
Netherlands,NLD,2000,743,15925513,0.00466547
Andorra,AND,1999,3,64368,0.004660701
Micronesia (country),FSM,1995,5,107535,0.004649649
Morocco,MAR,1999,1323,28455504,0.004649364
Israel,ISR,1999,283,6125000,0.004620408
Andorra,AND,2000,3,65390,0.004587857
Vanuatu,VUT,1997,8,174917,0.004573598
Mauritania,MRT,1990,93,2034347,0.004571491
United Kingdom,GBR,1995,2651,58019030,0.00456919
Russia,RUS,1990,6755,147969407,0.004565133
Denmark,DNK,1997,240,5284991,0.004541162
Israel,ISR,1997,265,5836000,0.004540781
Israel,ISR,1996,258,5692000,0.004532677
Israel,ISR,1992,232,5123000,0.004528597
Latvia,LVA,1998,109,2410019,0.004522786
Israel,ISR,1994,244,5399000,0.004519355
Spain,ESP,1996,1802,39889852,0.00451744
Vanuatu,VUT,1992,7,155176,0.004511007
Guam,GUM,2000,7,155323,0.004506738
Israel,ISR,1991,223,4949000,0.004505961
Netherlands,NLD,1995,695,15459006,0.004495761
Guam,GUM,1991,6,133553,0.004492598
Bhutan,BTN,1995,24,534629,0.004489094
Austria,AUT,1995,356,7948278,0.004478958
Denmark,DNK,1996,235,5263074,0.004465071
Russia,RUS,1995,6612,148375787,0.004456253
Madagascar,MDG,1994,581,13066544,0.00444647
Russia,RUS,1991,6570,148394216,0.004427396
Israel,ISR,1995,245,5545000,0.004418395
Denmark,DNK,1998,234,5304219,0.004411583
Nicaragua,NIC,1996,209,4741571,0.004407822
Oman,OMN,1998,99,2251859,0.004396368
Denmark,DNK,1999,233,5321799,0.004378219
Israel,ISR,1998,261,5971000,0.004371127
Belarus,BLR,1999,438,10026738,0.00436832
Luxembourg,LUX,1996,18,414225,0.004345464
Bhutan,BTN,1994,23,531905,0.00432408
Austria,AUT,1996,344,7959017,0.004322142
Bhutan,BTN,1991,23,534637,0.004301984
Guam,GUM,1993,6,139813,0.004291446
Samoa,WSM,1991,7,164000,0.004268293
Vanuatu,VUT,1994,7,164128,0.004264964
France,FRA,1993,2510,59106758,0.004246553
Norway,NOR,1995,185,4359184,0.004243914
Estonia,EST,1999,59,1390244,0.004243859
Israel,ISR,1993,223,5261000,0.004238738
Denmark,DNK,2000,226,5339616,0.004232514
Marshall Islands,MHL,1990,2,47265,0.004231461
Samoa,WSM,1992,7,165490,0.004229863
Italy,ITA,1993,2403,56831821,0.004228265
Italy,ITA,2000,2394,56942108,0.00420427
Guam,GUM,1994,6,142806,0.004201504
Russia,RUS,1992,6235,148538197,0.004197574
Morocco,MAR,1998,1172,28110447,0.004169268
Vanuatu,VUT,1995,7,168161,0.004162677
Latvia,LVA,1997,101,2432851,0.004151508
San Marino,SMR,1990,1,24124,0.00414525
Marshall Islands,MHL,1991,2,48403,0.004131975
Bhutan,BTN,1993,22,532590,0.004130757
Guam,GUM,1995,6,145559,0.00412204
Nepal,NPL,1996,908,22090352,0.004110392
Italy,ITA,1999,2336,56916317,0.004104271
Samoa,WSM,1996,7,171165,0.004089621
San Marino,SMR,1991,1,24454,0.004089311
Vanuatu,VUT,1996,7,171721,0.00407638
Samoa,WSM,1997,7,172065,0.00406823
Marshall Islands,MHL,1992,2,49242,0.004061573
Paraguay,PRY,1993,185,4555518,0.004061009
Guam,GUM,1996,6,148061,0.004052384
Samoa,WSM,1998,7,172839,0.004050012
Philippines,PHL,1993,2692,66593904,0.004042412
Uzbekistan,UZB,2000,996,24650400,0.004040502
Samoa,WSM,1999,7,173606,0.004032119
San Marino,SMR,1992,1,24830,0.004027386
Marshall Islands,MHL,1993,2,49828,0.004013807
Samoa,WSM,2000,7,174454,0.004012519
Netherlands,NLD,1994,617,15382838,0.004010963
Guam,GUM,1997,6,150303,0.003991936
Marshall Islands,MHL,1994,2,50214,0.003982953
Marshall Islands,MHL,1998,2,50356,0.003971721
San Marino,SMR,1993,1,25208,0.003966995
Marshall Islands,MHL,1999,2,50418,0.003966837
Marshall Islands,MHL,1997,2,50453,0.003964085
Marshall Islands,MHL,1995,2,50454,0.003964007
Italy,ITA,1998,2255,56906744,0.003962623
Marshall Islands,MHL,1996,2,50523,0.003958593
Marshall Islands,MHL,2000,2,50754,0.003940576
Guam,GUM,1998,6,152274,0.003940266
Bhutan,BTN,1992,21,534525,0.003928722
Russia,RUS,1993,5798,148458777,0.003905461
Guam,GUM,1999,6,153955,0.003897243
France,FRA,1994,2306,59327200,0.003886919
Ecuador,ECU,1991,406,10472476,0.003876829
Latvia,LVA,1995,96,2485056,0.003863092
Spain,ESP,1997,1547,40057389,0.003861959
Latvia,LVA,1996,94,2457222,0.003825458
Germany,DEU,1995,3118,81678051,0.003817427
San Marino,SMR,1996,1,26253,0.003809088
Papua New Guinea,PNG,1991,180,4725543,0.003809086
United Kingdom,GBR,1994,2200,57865745,0.003801904
Kyrgyzstan,KGZ,2000,186,4898400,0.003797158
Germany,DEU,1994,3086,81438348,0.00378937
Russia,RUS,1994,5589,148407912,0.003765972
San Marino,SMR,1997,1,26563,0.003764635
Germany,DEU,1990,2987,79433029,0.0037604
Germany,DEU,1997,3068,82034771,0.003739878
Morocco,MAR,1997,1037,27754573,0.003736321
San Marino,SMR,1998,1,26851,0.003724256
Norway,NOR,1996,163,4381336,0.003720326
Lithuania,LTU,2000,130,3499536,0.003714778
Germany,DEU,1991,2965,80013896,0.003705606
Micronesia (country),FSM,1996,4,108311,0.003693069
Oman,OMN,1997,83,2249759,0.003689284
United Kingdom,GBR,1990,2110,57247586,0.003685745
San Marino,SMR,1999,1,27141,0.003684463
North Korea,PRK,2000,840,22929078,0.00366347
Guam,GUM,1992,5,136693,0.003657832
Belarus,BLR,1998,368,10071963,0.003653707
Norway,NOR,2000,164,4490967,0.003651775
San Marino,SMR,2000,1,27460,0.003641661
Germany,DEU,1992,2935,80624598,0.003640328
Cuba,CUB,2000,404,11126423,0.003630996
France,FRA,1995,2152,59541904,0.003614261
Northern Mariana Islands,MNP,1999,2,55633,0.003594989
Nicaragua,NIC,1995,167,4652185,0.003589711
Romania,ROU,1997,807,22553978,0.003578083
Luxembourg,LUX,1997,15,419450,0.003576112
Mauritius,MUS,1997,41,1148284,0.003570545
Kyrgyzstan,KGZ,1999,172,4840400,0.003553425
United Kingdom,GBR,1991,2030,57424897,0.003535052
Lithuania,LTU,1999,124,3524238,0.003518491
Romania,ROU,1996,795,22619004,0.003514744
Germany,DEU,1996,2875,81914831,0.003509743
Spain,ESP,1998,1410,40223509,0.003505413
Germany,DEU,1993,2837,81156363,0.003495721
Northern Mariana Islands,MNP,2000,2,57453,0.003481106
United Kingdom,GBR,1993,1991,57718614,0.003449494
Uzbekistan,UZB,1999,837,24311650,0.003442794
United Kingdom,GBR,1992,1978,57580402,0.003435197
Netherlands,NLD,1993,524,15290368,0.003426994
Paraguay,PRY,1992,152,4445019,0.003419558
Italy,ITA,1994,1943,56843400,0.003418163
Norway,NOR,1999,152,4461913,0.003406611
Monaco,MCO,1990,1,29433,0.003397547
Morocco,MAR,1996,928,27383472,0.003388906
Lebanon,LBN,1991,99,2921700,0.003388438
Netherlands,NLD,1990,506,14951510,0.003384274
Kyrgyzstan,KGZ,1998,161,4769000,0.00337597
Monaco,MCO,1991,1,29629,0.003375072
Italy,ITA,1997,1917,56890372,0.003369639
Lebanon,LBN,1990,94,2803032,0.003353511
Sweden,SWE,1990,287,8558835,0.00335326
Lithuania,LTU,1998,119,3549331,0.003352745
Monaco,MCO,1992,1,29859,0.003349074
Laos,LAO,1997,168,5050308,0.00332653
Tajikistan,TJK,1998,200,6027395,0.003318183
Tajikistan,TJK,1997,197,5938404,0.00331739
Monaco,MCO,1993,1,30145,0.0033173
Norway,NOR,1997,146,4405157,0.003314297
Germany,DEU,1998,2718,82047195,0.003312728
Romania,ROU,2000,740,22442971,0.003297246
Monaco,MCO,1994,1,30436,0.003285583
Romania,ROU,1998,733,22507344,0.003256715
Monaco,MCO,1995,1,30731,0.003254043
Monaco,MCO,1996,1,31001,0.003225702
North Korea,PRK,1999,733,22731470,0.003224604
Mauritania,MRT,1991,67,2087914,0.003208944
Ecuador,ECU,1990,328,10230931,0.003205964
Tajikistan,TJK,1999,196,6119664,0.00320279
Monaco,MCO,1997,1,31268,0.003198158
Kyrgyzstan,KGZ,1997,150,4696400,0.003193936
Lithuania,LTU,1997,114,3575137,0.003188689
India,IND,1990,27734,873277799,0.003175851
Monaco,MCO,1998,1,31554,0.00316917
Spain,ESP,1999,1277,40386875,0.003161918
Tajikistan,TJK,1996,185,5851354,0.003161661
Romania,ROU,1999,708,22472040,0.003150582
Romania,ROU,1995,713,22684270,0.003143147
Monaco,MCO,1999,1,31836,0.003141098
Iceland,ISL,1990,8,254826,0.003139397
Norway,NOR,1998,139,4431464,0.003136661
Cuba,CUB,1999,347,11084673,0.003130449
Monaco,MCO,2000,1,32148,0.003110613
Saudi Arabia,SAU,2000,642,20663840,0.003106877
Iceland,ISL,1991,8,257797,0.003103217
Uzbekistan,UZB,1991,648,20952000,0.003092784
Netherlands,NLD,1992,468,15184166,0.003082158
Paraguay,PRY,1991,133,4334348,0.003068512
Morocco,MAR,1995,825,26994255,0.003056206
Paraguay,PRY,1990,129,4223413,0.003054402
Italy,ITA,1995,1726,56844303,0.003036364
Saudi Arabia,SAU,1999,610,20194531,0.00302062
Belarus,BLR,1997,305,10117433,0.003014599
China,CHN,2000,38011,1262645000,0.003010427
Kyrgyzstan,KGZ,1996,139,4628400,0.003003198
Tajikistan,TJK,2000,186,6216329,0.00299212
Lebanon,LBN,1992,92,3076133,0.002990768
Spain,ESP,2000,1201,40567864,0.002960471
Oman,OMN,1996,66,2236652,0.002950839
Lithuania,LTU,1996,105,3601613,0.00291536
Tajikistan,TJK,1995,168,5764806,0.002914235
Kazakhstan,KAZ,1992,479,16439095,0.002913786
Netherlands,NLD,1991,438,15069798,0.002906476
Nicaragua,NIC,1994,132,4559010,0.002895365
Kazakhstan,KAZ,1993,474,16380672,0.002893654
Brunei,BRN,1997,9,311962,0.002884967
Uzbekistan,UZB,1998,692,24051000,0.002877219
Kazakhstan,KAZ,1991,469,16451711,0.002850767
Fiji,FJI,2000,23,811011,0.002835966
Saudi Arabia,SAU,1998,561,19783301,0.002835725
Sweden,SWE,1991,244,8617375,0.002831489
Luxembourg,LUX,1998,12,424700,0.002825524
Brunei,BRN,1998,9,319135,0.002820123
Lebanon,LBN,1993,91,3246129,0.002803339
Kazakhstan,KAZ,1994,452,16145766,0.002799496
North Korea,PRK,1998,629,22536754,0.002790996
Kyrgyzstan,KGZ,1995,127,4560400,0.002784843
Morocco,MAR,1994,735,26584473,0.002764772
Brunei,BRN,1994,8,289452,0.002763843
Kiribati,KIR,1990,2,72394,0.00276266
Brunei,BRN,1999,9,326214,0.002758925
Italy,ITA,1996,1566,56860281,0.002754119
Madagascar,MDG,1993,349,12675469,0.00275335
Kazakhstan,KAZ,2000,409,14883626,0.002747986
Bahrain,BHR,1991,14,509762,0.00274638
Fiji,FJI,1999,22,806302,0.002728506
Kazakhstan,KAZ,1990,446,16348000,0.002728162
Kiribati,KIR,1991,2,73692,0.002713999
Fiji,FJI,1995,21,775428,0.002708182
Cuba,CUB,1998,298,11038706,0.002699592
Brunei,BRN,1995,8,297112,0.002692587
Serbia,SRB,2000,202,7516346,0.002687476
Iceland,ISL,1992,7,261057,0.002681407
Fiji,FJI,1996,21,784389,0.002677243
Bahrain,BHR,1992,14,523082,0.002676445
Kiribati,KIR,1992,2,74767,0.002674977
Kazakhstan,KAZ,1995,419,15816243,0.002649175
Fiji,FJI,1997,21,792736,0.002649053
Lebanon,LBN,1994,90,3403359,0.002644446
Kiribati,KIR,1993,2,75711,0.002641624
Philippines,PHL,1992,1710,65020124,0.002629955
Brunei,BRN,1996,8,304620,0.002626223
Fiji,FJI,1998,21,800148,0.002624514
Germany,DEU,1999,2154,82100243,0.002623622
Bahrain,BHR,1990,13,495927,0.002621354
Lithuania,LTU,1995,95,3629102,0.002617727
Fiji,FJI,1994,20,765607,0.002612306
Bahrain,BHR,1993,14,536212,0.002610908
Kiribati,KIR,1994,2,76668,0.00260865
Tajikistan,TJK,1994,148,5679169,0.002606015
Kazakhstan,KAZ,1999,388,14928374,0.002599077
Malta,MLT,1999,10,387578,0.002580126
Belarus,BLR,1996,262,10159569,0.00257885
Kiribati,KIR,1995,2,77716,0.002573473
Kyrgyzstan,KGZ,1994,116,4515100,0.002569157
Malta,MLT,2000,10,390087,0.002563531
Belarus,BLR,1990,261,10189348,0.002561499
Saudi Arabia,SAU,1997,496,19407138,0.002555761
Kiribati,KIR,1996,2,78904,0.002534726
Estonia,EST,1998,35,1386156,0.002524968
China,CHN,1999,31353,1252735000,0.002502764
Kiribati,KIR,1997,2,80188,0.002494139
Lebanon,LBN,1995,88,3528379,0.002494063
Kazakhstan,KAZ,1996,388,15578227,0.002490656
Uzbekistan,UZB,1992,534,21449000,0.002489627
Kazakhstan,KAZ,1998,375,15071640,0.002488117
Morocco,MAR,1993,650,26155204,0.002485165
Brunei,BRN,1993,7,281684,0.002485054
Romania,ROU,1994,564,22730211,0.002481279
North Korea,PRK,1997,550,22335263,0.002462474
Kiribati,KIR,1998,2,81558,0.002452243
Lithuania,LTU,1994,89,3657144,0.002433593
Kazakhstan,KAZ,1997,373,15334405,0.002432439
Kiribati,KIR,1999,2,82969,0.002410539
Uzbekistan,UZB,1997,567,23667000,0.002395741
Fiji,FJI,1993,18,754962,0.002384226
Lebanon,LBN,1996,86,3610663,0.002381834
Mauritius,MUS,1996,27,1133996,0.002380961
Mauritania,MRT,1992,51,2142645,0.002380236
Kiribati,KIR,2000,2,84405,0.002369528
Bahrain,BHR,1994,13,549590,0.0023654
Nicaragua,NIC,1993,105,4462496,0.002352943
Cuba,CUB,1997,258,10989730,0.002347646
Germany,DEU,2000,1922,82211508,0.002337872
Malta,MLT,1998,9,385287,0.002335921
Luxembourg,LUX,1999,10,430475,0.002323015
Oman,OMN,1995,51,2204267,0.002313694
Tajikistan,TJK,1993,129,5593317,0.002306324
Nepal,NPL,1995,494,21576074,0.002289573
Kyrgyzstan,KGZ,1993,103,4516700,0.002280426
Iceland,ISL,1993,6,263725,0.002275097
Saudi Arabia,SAU,1996,433,19033843,0.002274895
Belarus,BLR,1995,231,10193831,0.002266076
Belarus,BLR,1991,231,10194050,0.002266028
Sweden,SWE,1992,196,8668067,0.002261173
Iceland,ISL,1994,6,266021,0.002255461
Brunei,BRN,1991,6,266208,0.002253877
Lithuania,LTU,1993,83,3682613,0.002253834
Lebanon,LBN,1997,82,3658425,0.002241402
Northern Mariana Islands,MNP,1994,1,45361,0.002204537
Morocco,MAR,1992,566,25711410,0.002201357
Fiji,FJI,1990,16,728575,0.002196068
Lebanon,LBN,1998,81,3693514,0.002193034
Brunei,BRN,1992,6,273888,0.002190676
Northern Mariana Islands,MNP,1990,1,45752,0.002185697
Northern Mariana Islands,MNP,1993,1,45763,0.002185171
Mauritania,MRT,1993,48,2198538,0.002183269
Northern Mariana Islands,MNP,1995,1,45872,0.002179979
Serbia,SRB,1999,164,7540401,0.002174951
Northern Mariana Islands,MNP,1992,1,46473,0.002151787
Northern Mariana Islands,MNP,1991,1,46662,0.002143071
Laos,LAO,1996,106,4951189,0.0021409
Bahrain,BHR,1995,12,563698,0.002128799
American Samoa,ASM,1990,1,47351,0.002111888
Northern Mariana Islands,MNP,1996,1,47518,0.002104466
Tonga,TON,1990,2,95069,0.002103735
Belarus,BLR,1994,215,10226955,0.002102288
Tonga,TON,1991,2,95243,0.002099892
Tonga,TON,1993,2,95556,0.002093014
Malta,MLT,1997,8,382791,0.002089913
Tonga,TON,1994,2,95739,0.002089013
Tonga,TON,1995,2,95972,0.002083941
Belarus,BLR,1993,213,10239050,0.002080271
North Korea,PRK,1996,460,22113428,0.002080184
Tonga,TON,1996,2,96267,0.002077555
Bahrain,BHR,1996,12,578661,0.002073753
Tonga,TON,1997,2,96621,0.002069943
China,CHN,1998,25656,1241935000,0.002065809
Luxembourg,LUX,2000,9,436300,0.002062801
Tonga,TON,1998,2,97036,0.002061091
Cuba,CUB,1996,225,10939285,0.002056807
Belarus,BLR,1992,210,10216470,0.002055504
Lebanon,LBN,1999,77,3747762,0.002054559
American Samoa,ASM,1991,1,48682,0.002054147
Tonga,TON,1999,2,97475,0.002051808
North Korea,PRK,1994,442,21577979,0.002048385
North Korea,PRK,1995,447,21862300,0.002044616
Tonga,TON,2000,2,97962,0.002041608
Kyrgyzstan,KGZ,1992,92,4515400,0.002037472
Saudi Arabia,SAU,1995,379,18638790,0.002033394
Uzbekistan,UZB,1996,472,23225000,0.002032293
Mauritania,MRT,2000,53,2630217,0.002015043
Fiji,FJI,1992,15,744470,0.002014856
Cuba,CUB,1991,214,10673534,0.002004959
American Samoa,ASM,1992,1,49900,0.002004008
Lebanon,LBN,2000,77,3842774,0.002003761
Lithuania,LTU,1992,74,3700114,0.001999938
Morocco,MAR,1991,505,25260407,0.001999176
Northern Mariana Islands,MNP,1997,1,50052,0.001997922
Romania,ROU,1993,454,22763280,0.00199444
Tajikistan,TJK,1992,109,5502490,0.001980921
Cuba,CUB,1993,213,10789312,0.001974176
American Samoa,ASM,1993,1,51025,0.001959824
Cuba,CUB,1995,213,10888246,0.001956238
Oman,OMN,1994,42,2148416,0.001954929
Nicaragua,NIC,1992,85,4364514,0.001947525
Brunei,BRN,1990,5,258714,0.001932636
Malta,MLT,1991,7,363845,0.001923896
American Samoa,ASM,1994,1,52099,0.001919423
Cuba,CUB,1992,206,10736386,0.001918709
Uzbekistan,UZB,1993,421,21942000,0.001918695
Poland,POL,1996,739,38624370,0.0019133
Mauritania,MRT,1999,49,2561584,0.001912879
Ireland,IRL,1992,68,3558430,0.001910955
Malta,MLT,1992,7,367618,0.001904151
Fiji,FJI,1991,14,735398,0.001903731
Poland,POL,1995,730,38594998,0.001891437
Lithuania,LTU,1991,70,3704134,0.00188978
Cuba,CUB,1990,200,10596986,0.001887329
Northern Mariana Islands,MNP,1998,1,52999,0.001886828
Malta,MLT,1993,7,371308,0.001885227
American Samoa,ASM,1995,1,53158,0.001881184
Poland,POL,1997,725,38649660,0.001875825
Iceland,ISL,1995,5,267468,0.001869383
Malta,MLT,1994,7,374797,0.001867678
Ireland,IRL,1991,66,3534235,0.001867448
Ireland,IRL,1994,67,3590386,0.001866095
Cuba,CUB,1994,202,10838461,0.001863733
Mauritania,MRT,1994,42,2255520,0.001862098
Iceland,ISL,1996,5,268916,0.001859317
Malta,MLT,1995,7,377419,0.001854703
Bahrain,BHR,1997,11,594927,0.001848966
Ireland,IRL,1993,66,3576261,0.001845503
American Samoa,ASM,1996,1,54209,0.001844712
Iceland,ISL,1997,5,271128,0.001844147
Mauritania,MRT,1998,46,2496217,0.001842789
Malta,MLT,1996,7,379905,0.001842566
Saudi Arabia,SAU,1994,333,18214475,0.001828216
Iceland,ISL,1998,5,274047,0.001824505
Poland,POL,2000,698,38258629,0.001824425
Papua New Guinea,PNG,1990,84,4615843,0.001819819
United Arab Emirates,ARE,2000,57,3134067,0.001818723
American Samoa,ASM,1997,1,55227,0.001810709
Yemen,YEM,2000,313,17409071,0.001797913
Bahrain,BHR,1998,11,613697,0.001792415
Poland,POL,1998,693,38663481,0.001792389
Kyrgyzstan,KGZ,1991,80,4463600,0.001792275
Uzbekistan,UZB,1995,408,22785000,0.001790652
American Samoa,ASM,1998,1,56180,0.001779993
China,CHN,1997,21892,1230075000,0.001779729
Poland,POL,1994,684,38542652,0.001774657
Mauritania,MRT,1995,41,2313630,0.001772107
Mauritania,MRT,1997,43,2433567,0.001766954
Ireland,IRL,1990,62,3513974,0.001764384
Lithuania,LTU,1990,65,3697838,0.001757784
Uzbekistan,UZB,1994,393,22377000,0.001756268
American Samoa,ASM,1999,1,57049,0.001752879
Poland,POL,1999,677,38660271,0.001751152
Ireland,IRL,1995,63,3608841,0.001745713
Yemen,YEM,1999,295,16921157,0.00174338
Sweden,SWE,1993,151,8718561,0.001731937
American Samoa,ASM,2000,1,57816,0.001729625
Bahrain,BHR,1999,11,636540,0.001728093
Mauritania,MRT,1996,41,2372900,0.001727844
Ireland,IRL,1996,62,3637510,0.001704463
Tajikistan,TJK,1991,92,5400636,0.001703503
Saudi Arabia,SAU,1993,301,17763297,0.001694505
Malta,MLT,1990,6,354170,0.001694102
United Arab Emirates,ARE,1999,50,2966029,0.001685756
Yemen,YEM,1998,276,16450306,0.00167778
Sao Tome and Principe,STP,1990,2,119211,0.001677698
Morocco,MAR,1990,412,24807461,0.001660791
Indonesia,IDN,2000,3512,211513822,0.001660412
Sao Tome and Principe,STP,1991,2,121949,0.00164003
Ireland,IRL,1997,60,3674171,0.001633021
Romania,ROU,1992,372,22794284,0.001631988
Yemen,YEM,1997,259,15975676,0.001621215
Kyrgyzstan,KGZ,1990,71,4391200,0.00161687
Nicaragua,NIC,1991,69,4267570,0.001616845
Sao Tome and Principe,STP,1992,2,124574,0.001605471
Mauritius,MUS,1995,18,1122457,0.001603625
Madagascar,MDG,1992,196,12301338,0.001593323
Libya,LBY,2000,85,5357893,0.001586445
Poland,POL,1993,606,38461408,0.001575605
Sao Tome and Principe,STP,1993,2,127066,0.001573985
Saudi Arabia,SAU,1992,272,17282686,0.001573829
Estonia,EST,1997,22,1399535,0.001571951
Yemen,YEM,1996,242,15469274,0.001564391
Laos,LAO,1995,75,4846477,0.001547516
Oman,OMN,1993,32,2072106,0.001544323
Tajikistan,TJK,1990,81,5283811,0.001532984
China,CHN,1994,18266,1191835000,0.001532595
Yemen,YEM,1990,179,11709987,0.00152861
United Arab Emirates,ARE,1998,43,2813214,0.001528501
Yemen,YEM,1992,197,12954157,0.001520747
Yemen,YEM,1991,187,12302127,0.001520062
China,CHN,1995,18287,1204855000,0.001517776
Bulgaria,BGR,2000,124,8170172,0.001517716
China,CHN,1996,18476,1217550000,0.001517474
Indonesia,IDN,1990,2747,181413398,0.001514221
Ireland,IRL,1998,56,3712696,0.001508338
Bahrain,BHR,2000,10,664610,0.001504642
North Korea,PRK,1991,307,20609151,0.00148963
Yemen,YEM,1995,222,14913313,0.001488603
Saudi Arabia,SAU,1991,249,16772695,0.001484556
Uzbekistan,UZB,1990,304,20510000,0.001482204
Yemen,YEM,1993,202,13634082,0.001481581
Indonesia,IDN,1999,3072,208615171,0.001472568
North Korea,PRK,1993,312,21265832,0.001467142
Bulgaria,BGR,1999,120,8210624,0.001461521
Libya,LBY,1999,77,5275921,0.001459461
Yemen,YEM,1994,208,14297617,0.001454788
Sao Tome and Principe,STP,1998,2,137855,0.0014508
Iceland,ISL,1999,4,277381,0.00144206
Sao Tome and Principe,STP,1999,2,139964,0.001428939
Indonesia,IDN,1998,2934,205724597,0.001426179
Bulgaria,BGR,1996,119,8362826,0.001422964
Iceland,ISL,2000,4,281205,0.00142245
Tunisia,TUN,2000,138,9708347,0.001421457
Nicaragua,NIC,1990,59,4173435,0.001413704
Saudi Arabia,SAU,1990,229,16233786,0.001410638
Sao Tome and Principe,STP,2000,2,142264,0.001405837
Bulgaria,BGR,1997,116,8312068,0.001395561
Bulgaria,BGR,1998,115,8256786,0.001392794
Bulgaria,BGR,1995,117,8406067,0.001391852
Indonesia,IDN,1997,2748,202826444,0.001354853
Bulgaria,BGR,1993,114,8472313,0.001345559
Nepal,NPL,1994,282,21040899,0.001340247
Algeria,DZA,2000,414,31042238,0.001333667
Romania,ROU,1991,306,23001155,0.001330368
Bulgaria,BGR,1994,112,8443591,0.00132645
Bulgaria,BGR,1992,112,8540164,0.00131145
Oman,OMN,1992,26,1983272,0.001310965
United Arab Emirates,ARE,1997,35,2671361,0.001310194
Poland,POL,1992,502,38363667,0.00130853
Ireland,IRL,1999,49,3754786,0.001305001
New Zealand,NZL,2000,50,3857700,0.001296109
Libya,LBY,1998,67,5196774,0.001289261
Sweden,SWE,1994,113,8780745,0.001286907
North Korea,PRK,1992,267,20937407,0.00127523
Tunisia,TUN,1999,122,9613587,0.001269037
Ireland,IRL,2000,48,3805174,0.00126144
Qatar,QAT,1990,6,476275,0.001259776
New Zealand,NZL,1998,48,3815000,0.001258191
Indonesia,IDN,1996,2511,199901231,0.00125612
New Zealand,NZL,1999,48,3835100,0.001251597
Qatar,QAT,1991,6,487354,0.001231138
China,CHN,1993,14475,1178440000,0.001228319
Bulgaria,BGR,1991,106,8632367,0.001227937
Laos,LAO,1994,58,4735837,0.001224704
New Zealand,NZL,1997,46,3781300,0.001216513
New Zealand,NZL,1996,45,3732000,0.001205788
Iran,IRN,2000,790,65623397,0.001203839
New Zealand,NZL,1995,44,3673400,0.0011978
Indonesia,IDN,1991,2192,184591897,0.001187484
Sweden,SWE,1999,105,8857874,0.001185386
Hungary,HUN,1995,122,10328965,0.001181144
Hungary,HUN,1997,121,10290486,0.001175843
Hungary,HUN,1996,121,10311238,0.001173477
Sweden,SWE,2000,104,8872109,0.001172213
China,CHN,1992,13612,1164970000,0.001168442
Oman,OMN,1991,22,1893761,0.001161709
Bulgaria,BGR,1990,101,8718289,0.001158484
Algeria,DZA,1999,354,30623406,0.001155979
United Arab Emirates,ARE,1996,29,2539121,0.001142128
New Zealand,NZL,1994,41,3620000,0.001132597
Hungary,HUN,1994,117,10343355,0.001131161
Hungary,HUN,1998,116,10266570,0.001129881
Tunisia,TUN,1998,106,9509862,0.001114632
Azerbaijan,AZE,1998,88,7913000,0.001112094
Hungary,HUN,1993,115,10357523,0.001110304
Hungary,HUN,1999,113,10237530,0.001103782
Romania,ROU,1990,254,23201835,0.001094741
Libya,LBY,1997,56,5118008,0.001094176
Azerbaijan,AZE,1999,87,7982750,0.00108985
Hungary,HUN,1992,113,10369341,0.001089751
Hungary,HUN,2000,111,10210971,0.001087066
Azerbaijan,AZE,1997,85,7838250,0.001084426
Algeria,DZA,1998,326,30192750,0.001079729
Mauritius,MUS,1994,12,1112846,0.001078316
Indonesia,IDN,1995,2119,196934257,0.001075994
Hungary,HUN,1991,110,10373400,0.001060404
Iran,IRN,1999,684,64800875,0.001055541
Hungary,HUN,1990,109,10373988,0.001050705
Oman,OMN,1990,19,1812158,0.001048474
Tonga,TON,1992,1,95398,0.00104824
Azerbaijan,AZE,2000,84,8048600,0.00104366
Croatia,HRV,1995,48,4620030,0.001038954
New Zealand,NZL,1993,37,3572200,0.001035776
Poland,POL,1991,396,38246193,0.001035397
China,CHN,1991,11905,1150780000,0.001034516
Sweden,SWE,1998,90,8850974,0.001016837
Japan,JPN,2000,1283,126843000,0.001011487
Qatar,QAT,1992,5,495403,0.001009279
Azerbaijan,AZE,1996,78,7763000,0.001004766
Qatar,QAT,1993,5,501479,0.000997051
United Arab Emirates,ARE,1995,24,2415099,0.000993748
Tunisia,TUN,1997,93,9395119,0.000989876
Estonia,EST,1996,14,1415594,0.000988984
Croatia,HRV,1996,45,4557097,0.000987471
Qatar,QAT,1994,5,507044,0.000986108
Japan,JPN,1999,1244,126631000,0.000982382
Georgia,GEO,2000,40,4077131,0.000981082
Croatia,HRV,1993,45,4600463,0.000978162
Qatar,QAT,1995,5,513447,0.00097381
Croatia,HRV,1994,45,4652024,0.000967321
New Zealand,NZL,1992,34,3531700,0.000962709
Algeria,DZA,1997,286,29742980,0.000961571
Japan,JPN,1998,1207,126400000,0.000954905
Libya,LBY,1996,48,5036173,0.000953105
Qatar,QAT,1997,5,535320,0.000934021
Sweden,SWE,1995,82,8826939,0.000928974
Indonesia,IDN,1994,1801,193917458,0.000928746
Croatia,HRV,1997,42,4534920,0.000926146
Greece,GRC,1997,98,10661259,0.000919216
Japan,JPN,1997,1158,126057000,0.000918632
New Zealand,NZL,1991,32,3495100,0.000915568
Azerbaijan,AZE,1995,70,7684850,0.000910883
Greece,GRC,1999,98,10761698,0.000910637
Qatar,QAT,1998,5,551566,0.00090651
Greece,GRC,1998,97,10720509,0.000904808
New Zealand,NZL,1990,30,3329800,0.000900955
Croatia,HRV,1992,41,4575818,0.000896015
Greece,GRC,1996,95,10608800,0.000895483
Japan,JPN,1996,1118,125757000,0.000889016
Greece,GRC,2000,96,10805808,0.000888411
Greece,GRC,1995,93,10562153,0.000880502
Qatar,QAT,1999,5,570486,0.000876446
Tunisia,TUN,1996,81,9267335,0.000874038
Greece,GRC,1990,89,10196792,0.000872824
Iran,IRN,1998,558,63971836,0.000872259
Madagascar,MDG,1991,103,11942809,0.000862444
Afghanistan,AFG,2000,178,20779957,0.000856595
Algeria,DZA,1996,250,29266415,0.000854221
China,CHN,1990,9674,1135185000,0.000852196
Japan,JPN,1995,1066,125472000,0.000849592
Azerbaijan,AZE,1994,64,7596550,0.000842488
Afghanistan,AFG,1999,169,20170847,0.000837843
Afghanistan,AFG,1998,165,19737770,0.000835961
Afghanistan,AFG,1997,161,19357126,0.000831735
Indonesia,IDN,1993,1582,190851184,0.000828918
Libya,LBY,1995,41,4948796,0.000828484
Afghanistan,AFG,1992,120,14485543,0.000828412
United Arab Emirates,ARE,1994,19,2294377,0.000828112
Greece,GRC,1994,87,10512922,0.000827553
Montenegro,MNE,2000,5,604950,0.000826515
Montenegro,MNE,1999,5,606001,0.000825081
Montenegro,MNE,1998,5,607662,0.000822826
Montenegro,MNE,1997,5,609520,0.000820318
Montenegro,MNE,1996,5,611003,0.000818327
Montenegro,MNE,1994,5,611389,0.00081781
Montenegro,MNE,1995,5,611712,0.000817378
Croatia,HRV,1998,37,4532135,0.000816392
Greece,GRC,1991,84,10319927,0.000813959
Azerbaijan,AZE,1990,58,7175200,0.00080834
Afghanistan,AFG,1996,152,18853444,0.000806219
Serbia,SRB,1998,61,7567745,0.000806053
Japan,JPN,1994,1009,125178000,0.000806052
Greece,GRC,1993,84,10460415,0.000803027
Afghanistan,AFG,1993,127,15816601,0.000802954
Sweden,SWE,1997,71,8846062,0.000802617
Greece,GRC,1992,83,10399061,0.000798149
Algeria,DZA,1995,229,28757788,0.000796306
Afghanistan,AFG,1995,144,18110662,0.000795112
Nepal,NPL,1993,162,20489973,0.000790631
Croatia,HRV,1991,37,4689022,0.000789077
Azerbaijan,AZE,1993,59,7494800,0.000787212
Cyprus,CYP,1997,7,891190,0.000785467
Afghanistan,AFG,1991,104,13299016,0.000782013
Laos,LAO,1993,36,4619946,0.00077923
Afghanistan,AFG,1994,133,17075728,0.000778883
Tunisia,TUN,1995,71,9125400,0.000778048
Croatia,HRV,1999,35,4512597,0.000775607
Croatia,HRV,1990,37,4777368,0.000774485
Sao Tome and Principe,STP,1994,1,129426,0.000772642
Cyprus,CYP,1998,7,908710,0.000770323
Pakistan,PAK,1990,829,107647918,0.000770103
Sweden,SWE,1996,68,8840998,0.000769144
Poland,POL,1990,293,38110782,0.000768811
Qatar,QAT,1996,4,522531,0.000765505
Sao Tome and Principe,STP,1995,1,131679,0.000759423
Sri Lanka,LKA,1993,136,17924827,0.000758724
Cyprus,CYP,1999,7,926049,0.0007559
Slovenia,SVN,1997,15,1985956,0.000755304
Finland,FIN,2000,39,5176209,0.000753447
Sao Tome and Principe,STP,1996,1,133799,0.00074739
Azerbaijan,AZE,1992,55,7382050,0.00074505
United Arab Emirates,ARE,1993,16,2173135,0.000736264
Sao Tome and Principe,STP,1997,1,135831,0.000736209
Finland,FIN,1999,38,5165474,0.000735654
Sri Lanka,LKA,1991,129,17535732,0.000735641
North Korea,PRK,1990,149,20293057,0.000734241
Mongolia,MNG,1996,17,2316571,0.000733843
Mauritius,MUS,1993,8,1097374,0.000729013
Finland,FIN,1995,37,5107790,0.000724384
Finland,FIN,1990,36,4986431,0.000721959
Georgia,GEO,1999,30,4157192,0.000721641
Libya,LBY,1994,35,4854871,0.000720925
Finland,FIN,1997,37,5139835,0.000719867
Azerbaijan,AZE,1991,52,7271300,0.00071514
Finland,FIN,1992,36,5041992,0.000714004
Tunisia,TUN,1994,64,8967916,0.000713655
Sri Lanka,LKA,1992,126,17736827,0.000710386
Afghanistan,AFG,1990,88,12412311,0.000708974
Algeria,DZA,1994,199,28213777,0.000705329
Slovenia,SVN,1996,14,1988628,0.000704003
Slovenia,SVN,1995,14,1989872,0.000703563
Finland,FIN,1996,36,5124573,0.000702498
Cyprus,CYP,1995,6,855391,0.000701434
Finland,FIN,1998,36,5153498,0.000698555
Finland,FIN,1991,35,5013740,0.000698082
Estonia,EST,1995,10,1436634,0.000696072
Croatia,HRV,2000,31,4468302,0.000693776
Finland,FIN,1994,35,5088333,0.000687848
Cyprus,CYP,1996,6,873426,0.00068695
United Arab Emirates,ARE,1992,14,2052892,0.000681965
Iran,IRN,1997,429,63136309,0.000679482
Qatar,QAT,2000,4,592467,0.000675143
Serbia,SRB,1990,51,7586000,0.000672291
United Arab Emirates,ARE,1991,13,1937159,0.000671086
Finland,FIN,1993,34,5066447,0.000671082
Japan,JPN,1993,829,124829000,0.000664109
Montenegro,MNE,1992,4,608516,0.000657337
Montenegro,MNE,1993,4,610170,0.000655555
Slovenia,SVN,1994,13,1989443,0.000653449
Libya,LBY,1993,31,4755134,0.000651927
Sri Lanka,LKA,1995,118,18242917,0.000646826
Sri Lanka,LKA,1994,117,18094474,0.000646606
Cyprus,CYP,1991,5,783121,0.000638471
Cyprus,CYP,2000,6,943288,0.000636073
Sri Lanka,LKA,1990,109,17325769,0.000629121
Algeria,DZA,1993,173,27635517,0.000626006
Tunisia,TUN,1993,55,8795934,0.000625289
Cyprus,CYP,1992,5,800610,0.000624524
Czechia,CZE,2000,64,10255063,0.000624082
Japan,JPN,1992,776,124425000,0.000623669
Serbia,SRB,1997,47,7596501,0.000618706
Sri Lanka,LKA,1996,113,18367290,0.000615224
Pakistan,PAK,2000,875,142343583,0.00061471
Cyprus,CYP,1993,5,818750,0.000610687
Serbia,SRB,1991,46,7595636,0.000605611
Slovenia,SVN,1998,12,1981629,0.000605562
Libya,LBY,1992,28,4650896,0.000602035
United Arab Emirates,ARE,1990,11,1828437,0.000601607
Laos,LAO,1992,27,4500346,0.000599954
Cyprus,CYP,1994,5,837104,0.000597297
Indonesia,IDN,1992,1121,187739786,0.000597103
Libya,LBY,1991,27,4544245,0.000594158
Algeria,DZA,1992,159,27028330,0.000588272
Czechia,CZE,1998,60,10294373,0.000582843
Czechia,CZE,1999,59,10283860,0.000573715
Japan,JPN,1991,706,123964000,0.00056952
Mongolia,MNG,1997,13,2335744,0.000556568
Slovenia,SVN,1999,11,1983045,0.000554702
Mauritius,MUS,1992,6,1084441,0.00055328
Slovenia,SVN,1993,11,1991746,0.000552279
Slovenia,SVN,1992,11,1996498,0.000550965
Serbia,SRB,1992,42,7646424,0.000549276
Pakistan,PAK,1991,606,110778655,0.000547037
Tunisia,TUN,1992,47,8613855,0.000545633
Pakistan,PAK,1999,754,138624625,0.000543915
Georgia,GEO,1998,23,4243607,0.000541992
Libya,LBY,1990,24,4436663,0.000540947
Czechia,CZE,1997,55,10304131,0.000533767
Sri Lanka,LKA,1997,97,18470897,0.00052515
Japan,JPN,1990,646,123478000,0.00052317
Sri Lanka,LKA,1998,97,18564595,0.0005225
Mongolia,MNG,1995,12,2298017,0.000522189
Cyprus,CYP,1990,4,766616,0.000521774
Armenia,ARM,2000,16,3069597,0.000521241
Algeria,DZA,1991,136,26400468,0.000515142
Iran,IRN,1996,319,62294919,0.00051208
Montenegro,MNE,1990,3,606372,0.000494746
Montenegro,MNE,1991,3,607105,0.000494148
Serbia,SRB,1993,38,7699307,0.000493551
Pakistan,PAK,1998,664,134843233,0.000492424
Kuwait,KWT,1996,8,1626858,0.000491745
Kuwait,KWT,1998,9,1831121,0.000491502
Tunisia,TUN,1991,41,8427851,0.000486482
Serbia,SRB,1996,37,7617794,0.000485705
Serbia,SRB,1995,37,7625357,0.000485223
Algeria,DZA,1990,124,25758872,0.000481388
Estonia,EST,1994,7,1462514,0.000478628
Czechia,CZE,1996,49,10315241,0.000475025
Mauritius,MUS,1990,5,1058775,0.000472244
Sri Lanka,LKA,1999,88,18663293,0.000471514
Pakistan,PAK,1992,536,113911126,0.000470542
Kuwait,KWT,1997,8,1710257,0.000467766
Mauritius,MUS,1991,5,1070266,0.000467174
Serbia,SRB,1994,36,7734639,0.000465439
Sri Lanka,LKA,2000,85,18777606,0.000452667
Pakistan,PAK,1993,530,117086680,0.000452656
Slovenia,SVN,2000,9,1988925,0.000452506
Pakistan,PAK,1997,592,131057432,0.00045171
Jordan,JOR,2000,23,5122495,0.000449
Tunisia,TUN,1990,37,8242509,0.000448892
Madagascar,MDG,1990,52,11598647,0.000448328
Kuwait,KWT,2000,9,2045123,0.000440071
Kuwait,KWT,1995,7,1605907,0.000435891
Iraq,IRQ,2000,101,23497589,0.000429831
Pakistan,PAK,1996,547,127349293,0.000429527
Kuwait,KWT,1990,9,2095350,0.000429523
Pakistan,PAK,1994,512,120362764,0.000425381
Pakistan,PAK,1995,521,123776835,0.000420919
Jordan,JOR,1999,21,5031754,0.000417349
Laos,LAO,1991,18,4379234,0.000411031
Kuwait,KWT,1999,8,1951642,0.000409911
Czechia,CZE,1995,42,10327253,0.000406691
Maldives,MDV,1994,1,248582,0.000402282
Estonia,EST,1993,6,1494128,0.000401572
Slovenia,SVN,1990,8,1998161,0.000400368
Slovenia,SVN,1991,8,1999429,0.000400114
Iraq,IRQ,1999,91,22802061,0.000399087
Kuwait,KWT,1991,8,2031297,0.000393837
Maldives,MDV,1995,1,254144,0.000393478
Iran,IRN,1995,241,61442658,0.000392236
Georgia,GEO,1997,17,4349913,0.000390812
Maldives,MDV,1996,1,259178,0.000385835
Jordan,JOR,1998,19,4943975,0.000384306
Maldives,MDV,1997,1,263836,0.000379023
Comoros,COM,1999,2,528853,0.000378177
Palestine,PSE,2000,11,2922153,0.000376435
Maldives,MDV,1998,1,268445,0.000372516
Comoros,COM,2000,2,542358,0.00036876
Maldives,MDV,1999,1,273522,0.000365601
Maldives,MDV,2000,1,279396,0.000357915
Armenia,ARM,1999,11,3089020,0.0003561
Iraq,IRQ,1998,78,22114330,0.000352712
Palestine,PSE,1999,10,2848431,0.00035107
Jordan,JOR,1997,17,4848536,0.000350621
Nepal,NPL,1992,69,19938322,0.000346067
Czechia,CZE,1994,35,10333587,0.000338701
Palestine,PSE,1998,9,2776568,0.000324141
Jordan,JOR,1996,15,4732848,0.000316934
Turkey,TUR,2000,198,63240196,0.000313092
Georgia,GEO,1990,15,4802000,0.00031237
Iran,IRN,1994,185,60590608,0.000305328
Jordan,JOR,1995,14,4588842,0.000305088
Turkey,TUR,1999,189,62287391,0.000303432
Iraq,IRQ,1997,65,21439579,0.000303178
Mongolia,MNG,1998,7,2355667,0.000297156
Palestine,PSE,1997,8,2706518,0.000295583
Georgia,GEO,1996,13,4491699,0.000289423
Czechia,CZE,1993,29,10329855,0.00028074
Jordan,JOR,1994,12,4410357,0.000272087
Palestine,PSE,1996,7,2587997,0.000270479
Mongolia,MNG,1994,6,2280475,0.000263103
Jordan,JOR,1993,11,4201559,0.000261808
Estonia,EST,1992,4,1533091,0.000260911
Iraq,IRQ,1996,54,20783073,0.000259827
Turkey,TUR,1998,158,61329665,0.000257624
Estonia,EST,1991,4,1561314,0.000256194
Egypt,EGY,1990,143,56134478,0.000254745
Iran,IRN,1993,152,59723761,0.000254505
Mongolia,MNG,1999,6,2376228,0.000252501
Czechia,CZE,1992,26,10319123,0.000251959
Jordan,JOR,1992,10,3977667,0.000251404
Mongolia,MNG,2000,6,2397417,0.000250269
Egypt,EGY,1991,143,57424552,0.000249022
Palestine,PSE,1995,6,2474666,0.000242457
Egypt,EGY,1992,142,58666812,0.000242045
Iran,IRN,1990,135,56366212,0.000239505
Jordan,JOR,1991,9,3760493,0.00023933
Egypt,EGY,1993,142,59880656,0.000237138
Czechia,CZE,1991,24,10308578,0.000232816
Iraq,IRQ,1995,46,20149342,0.000228295
Egypt,EGY,1994,139,61095804,0.000227512
Iran,IRN,1991,131,57679025,0.000227119
Armenia,ARM,1998,7,3108691,0.000225175
Iran,IRN,1992,132,58780376,0.000224565
Slovakia,SVK,1997,12,5383291,0.000222912
Slovakia,SVK,2000,12,5388720,0.000222687
Slovakia,SVK,1998,12,5390516,0.000222613
Slovakia,SVK,1999,12,5396020,0.000222386
Egypt,EGY,1995,138,62334025,0.000221388
Palestine,PSE,1993,5,2262676,0.000220977
Syria,SYR,1999,35,16013992,0.000218559
Syria,SYR,1998,34,15599588,0.000217954
Turkey,TUR,1997,131,60372571,0.000216986
Egypt,EGY,1996,137,63601632,0.000215403
Georgia,GEO,1995,10,4657722,0.000214697
Palestine,PSE,1994,5,2366298,0.000211301
Nepal,NPL,1991,41,19405506,0.00021128
Comoros,COM,1995,1,475394,0.000210352
Syria,SYR,1996,31,14754148,0.00021011
Egypt,EGY,1997,136,64892269,0.000209578
Syria,SYR,1995,30,14345491,0.000209125
Slovakia,SVK,1995,11,5361999,0.000205147
Slovakia,SVK,1996,11,5373361,0.000204714
Comoros,COM,1996,1,488625,0.000204656
Egypt,EGY,1998,135,66200259,0.000203927
North Macedonia,MKD,1997,4,1996869,0.000200314
Iraq,IRQ,1994,39,19539348,0.000199597
North Macedonia,MKD,1998,4,2007523,0.000199251
Comoros,COM,1997,1,501955,0.000199221
Syria,SYR,1993,27,13565074,0.000199041
Egypt,EGY,1999,134,67515591,0.000198473
North Macedonia,MKD,1999,4,2017142,0.0001983
North Macedonia,MKD,2000,4,2026350,0.000197399
Jordan,JOR,1990,7,3565888,0.000196305
Syria,SYR,2000,32,16410847,0.000194993
Egypt,EGY,2000,134,68831561,0.000194678
Comoros,COM,1998,1,515382,0.000194031
Czechia,CZE,1990,20,10333355,0.000193548
Palestine,PSE,1991,4,2068845,0.000193345
Armenia,ARM,1997,6,3133081,0.000191505
Estonia,EST,1990,3,1569174,0.000191183
Syria,SYR,1997,29,15175308,0.0001911
Slovakia,SVK,1990,10,5299187,0.000188708
Slovakia,SVK,1992,10,5305016,0.000188501
Slovakia,SVK,1994,10,5346331,0.000187044
Syria,SYR,1994,26,13950486,0.000186373
Palestine,PSE,1992,4,2163591,0.000184878
Turkey,TUR,1995,105,58486453,0.000179529
Syria,SYR,1991,23,12815400,0.000179472
Iraq,IRQ,1993,34,18955087,0.000179371
Turkey,TUR,1996,106,59423278,0.000178381
Mongolia,MNG,1993,4,2263196,0.000176741
Syria,SYR,1992,23,13187669,0.000174405
Georgia,GEO,1994,8,4836076,0.000165423
Laos,LAO,1990,7,4258471,0.000164378
Iraq,IRQ,1992,30,18402740,0.000163019
Turkey,TUR,1993,87,56653808,0.000153564
Syria,SYR,1990,19,12446168,0.000152657
Palestine,PSE,1990,3,1978248,0.000151649
North Macedonia,MKD,1994,3,1981713,0.000151384
North Macedonia,MKD,1995,3,1983259,0.000151266
Slovakia,SVK,1991,8,5303294,0.00015085
North Macedonia,MKD,1996,3,1989441,0.000150796
Slovakia,SVK,1993,8,5325305,0.000150226
Bangladesh,BGD,2000,188,127657862,0.000147269
Iraq,IRQ,1991,26,17889457,0.000145337
Georgia,GEO,1991,7,4835900,0.000144751
Turkey,TUR,1991,79,54840595,0.000144054
Georgia,GEO,1993,7,4911100,0.000142534
Bosnia and Herzegovina,BIH,1992,6,4233673,0.000141721
Turkey,TUR,1994,81,57564209,0.000140712
Bosnia and Herzegovina,BIH,1991,6,4369320,0.000137321
Bosnia and Herzegovina,BIH,1990,6,4463422,0.000134426
Iraq,IRQ,1990,23,17419113,0.000132039
Albania,ALB,1997,4,3148281,0.000127053
Bosnia and Herzegovina,BIH,1994,5,3936527,0.000127016
Albania,ALB,1996,4,3168033,0.000126261
Armenia,ARM,1996,4,3168213,0.000126254
Albania,ALB,1995,4,3187784,0.000125479
Albania,ALB,1994,4,3207536,0.000124706
Albania,ALB,1993,4,3227287,0.000123943
Albania,ALB,1992,4,3247039,0.000123189
Georgia,GEO,1992,6,4873500,0.000123115
Bosnia and Herzegovina,BIH,1993,5,4078940,0.000122581
Turkey,TUR,1992,64,55748946,0.0001148
Bosnia and Herzegovina,BIH,1998,4,3734338,0.000107114
Bosnia and Herzegovina,BIH,1997,4,3736070,0.000107064
Bosnia and Herzegovina,BIH,1999,4,3743353,0.000106856
Bosnia and Herzegovina,BIH,2000,4,3751176,0.000106633
Bosnia and Herzegovina,BIH,1996,4,3764419,0.000106258
Bosnia and Herzegovina,BIH,1995,4,3829049,0.000104465
Bangladesh,BGD,1999,130,125189655,0.000103842
North Macedonia,MKD,1993,2,1984024,0.000100805
North Macedonia,MKD,1992,2,1988659,0.00010057
North Macedonia,MKD,1991,2,1993304,0.000100336
North Macedonia,MKD,1990,2,1996218,0.000100189
Albania,ALB,2000,3,3089027,9.71E-05
Albania,ALB,1999,3,3108778,9.65E-05
Albania,ALB,1998,3,3128530,9.59E-05
Armenia,ARM,1995,3,3217349,9.32E-05
Albania,ALB,1991,3,3266790,9.18E-05
Albania,ALB,1990,3,3286542,9.13E-05
Mongolia,MNG,1992,2,2243495,8.91E-05
Nepal,NPL,1990,16,18905480,8.46E-05
Bangladesh,BGD,1998,95,122682818,7.74E-05
Turkey,TUR,1990,37,53921758,6.86E-05
Armenia,ARM,1994,2,3283664,6.09E-05
Bangladesh,BGD,1994,68,112737684,6.03E-05
Armenia,ARM,1993,2,3363111,5.95E-05
Armenia,ARM,1992,2,3442820,5.81E-05
Armenia,ARM,1991,2,3505249,5.71E-05
Armenia,ARM,1990,2,3538164,5.65E-05
Bangladesh,BGD,1997,65,120160571,5.41E-05
Mongolia,MNG,1991,1,2217918,4.51E-05
Bangladesh,BGD,1996,50,117649927,4.25E-05
Bangladesh,BGD,1995,31,115169933,2.69E-05
Bangladesh,BGD,1990,0,103171957,0
Bangladesh,BGD,1991,0,105599125,0
Bangladesh,BGD,1992,0,107983708,0
Bangladesh,BGD,1993,0,110350641,0
Comoros,COM,1990,0,411598,0
Comoros,COM,1991,0,423873,0
Comoros,COM,1992,0,436454,0
Comoros,COM,1993,0,449270,0
Comoros,COM,1994,0,462280,0
Maldives,MDV,1990,0,223159,0
Maldives,MDV,1991,0,229743,0
Maldives,MDV,1992,0,236271,0
Maldives,MDV,1993,0,242596,0
Mongolia,MNG,1990,0,2184139,0
Nauru,NRU,1990,0,9506,0
Nauru,NRU,1991,0,9766,0
Nauru,NRU,1992,0,10030,0
Nauru,NRU,1993,0,10287,0
Nauru,NRU,1994,0,10496,0
Nauru,NRU,1995,0,10626,0
Nauru,NRU,1996,0,10677,0
Nauru,NRU,1997,0,10643,0
Nauru,NRU,1998,0,10567,0
Nauru,NRU,1999,0,10449,0
Nauru,NRU,2000,0,10335,0
Palau,PLW,1990,0,15063,0
Palau,PLW,1991,0,15442,0
Palau,PLW,1992,0,15859,0
Palau,PLW,1993,0,16285,0
Palau,PLW,1994,0,16735,0
Palau,PLW,1995,0,17158,0
Philippines,PHL,1990,0,61895169,0
San Marino,SMR,1994,0,25588,0
San Marino,SMR,1995,0,25925,0
Tuvalu,TUV,1990,0,8910,0
Tuvalu,TUV,1991,0,9014,0
Tuvalu,TUV,1992,0,9110,0
Tuvalu,TUV,1993,0,9194,0
Tuvalu,TUV,1994,0,9259,0
Tuvalu,TUV,1995,0,9298,0
Tuvalu,TUV,1996,0,9317,0
Tuvalu,TUV,1997,0,9328,0
Tuvalu,TUV,1998,0,9332,0
Tuvalu,TUV,1999,0,9344,0
Tuvalu,TUV,2000,0,9392,0
